"Geographic code","Geographic name, english","Geographic name, french","Province / territory, english","Province / territory, french","Geographic code, Province / territory","Population, 2016","Incompletely enumerated Indian reserves and Indian settlements, 2016","Population, 2011","2011 adjusted population flag","Population, % change","Total private dwellings, 2016","Total private dwellings, 2011","2011 adjusted total private dwellings flag","Total private dwellings, % change","Private dwellings occupied by usual residents, 2016","Private dwellings occupied by usual residents, 2011","2011 adjusted private dwellings occupied by usual residents flag","Private dwellings occupied by usual residents, % change","Land area in square kilometres, 2016","Population density per square kilometre, 2016",
"10001","Avalon","Avalon","Newfoundland and Labrador","Terre-Neuve-et-Labrador",10,86494,F,81590,T,6.0,44009,38796,T,13.4,34766,31774,T,9.4,6457.79,13.4,
"10002","Bonavista--Burin--Trinity","Bonavista--Burin--Trinity","Newfoundland and Labrador","Terre-Neuve-et-Labrador",10,74116,F,76685,T,-3.4,43601,43036,T,1.3,31779,31666,T,0.4,16806.97,4.4,
"10003","Coast of Bays--Central--Notre Dame","Coast of Bays--Central--Notre Dame","Newfoundland and Labrador","Terre-Neuve-et-Labrador",10,77680,F,78073,T,-0.5,42939,41017,T,4.7,33459,32284,T,3.6,39395.65,2.0,
"10004","Labrador","Labrador","Newfoundland and Labrador","Terre-Neuve-et-Labrador",10,27197,F,26728,F,1.8,11703,11023,F,6.2,10027,9684,F,3.5,269135.61,0.1,
"10005","Long Range Mountains","Long Range Mountains","Newfoundland and Labrador","Terre-Neuve-et-Labrador",10,86553,F,87592,F,-1.2,46159,44323,F,4.1,37779,36369,F,3.9,37967.03,2.3,
"10006","St. John's East","St. John's-Est","Newfoundland and Labrador","Terre-Neuve-et-Labrador",10,85697,F,81936,F,4.6,39038,35725,F,9.3,35505,33012,F,7.6,328.15,261.1,
"10007","St. John's South--Mount Pearl","St. John's-Sud--Mount Pearl","Newfoundland and Labrador","Terre-Neuve-et-Labrador",10,81979,F,81932,T,0.1,38290,36355,T,5.3,35358,34053,T,3.8,422.87,193.9,
"11001","Cardigan","Cardigan","Prince Edward Island","Île-du-Prince-Édouard",11,36615,F,36005,F,1.7,18829,17538,F,7.4,14748,14015,F,5.2,2551.09,14.4,
"11002","Charlottetown","Charlottetown","Prince Edward Island","Île-du-Prince-Édouard",11,36094,F,34562,F,4.4,17193,16060,F,7.1,16100,15000,F,7.3,44.34,814.1,
"11003","Egmont","Egmont","Prince Edward Island","Île-du-Prince-Édouard",11,34168,F,34598,F,-1.2,16459,16056,F,2.5,14301,13973,F,2.3,1483.14,23.0,
"11004","Malpeque","Malpeque","Prince Edward Island","Île-du-Prince-Édouard",11,36030,F,35039,F,2.8,18638,17289,F,7.8,14323,13474,F,6.3,1607.46,22.4,
"12001","Cape Breton--Canso","Cape Breton--Canso","Nova Scotia","Nouvelle-Écosse",12,71913,F,75247,F,-4.4,37977,37445,F,1.4,31246,31276,F,-0.1,8752.81,8.2,
"12002","Central Nova","Nova-Centre","Nova Scotia","Nouvelle-Écosse",12,71962,F,74597,F,-3.5,38651,38086,F,1.5,31579,31636,F,-0.2,9307.83,7.7,
"12003","Cumberland--Colchester","Cumberland--Colchester","Nova Scotia","Nouvelle-Écosse",12,80590,F,82321,F,-2.1,43823,42900,F,2.2,35843,35356,F,1.4,7905.99,10.2,
"12004","Dartmouth--Cole Harbour","Dartmouth--Cole Harbour","Nova Scotia","Nouvelle-Écosse",12,92301,F,91212,F,1.2,43297,41439,F,4.5,40921,39405,F,3.8,90.00,1025.6,
"12005","Halifax","Halifax","Nova Scotia","Nouvelle-Écosse",12,94610,F,92643,F,2.1,50905,49148,F,3.6,45136,44020,F,2.5,215.64,438.8,
"12006","Halifax West","Halifax-Ouest","Nova Scotia","Nouvelle-Écosse",12,96255,F,87275,F,10.3,42370,38041,F,11.4,40438,36552,F,10.6,227.35,423.4,
"12007","Kings--Hants","Kings--Hants","Nova Scotia","Nouvelle-Écosse",12,83465,F,83306,F,0.2,38917,37146,F,4.8,35202,34094,F,3.2,4124.46,20.2,
"12008","Sackville--Preston--Chezzetcook","Sackville--Preston--Chezzetcook","Nova Scotia","Nouvelle-Écosse",12,86498,F,85583,F,1.1,34355,32769,F,4.8,33205,31769,F,4.5,644.93,134.1,
"12009","South Shore--St. Margarets","South Shore--St. Margarets","Nova Scotia","Nouvelle-Écosse",12,91830,F,92561,F,-0.8,49931,48008,F,4.0,40529,39546,F,2.5,8474.95,10.8,
"12010","Sydney--Victoria","Sydney--Victoria","Nova Scotia","Nouvelle-Écosse",12,72148,F,73328,F,-1.6,35210,34502,F,2.1,31485,30641,F,2.8,4312.87,16.7,
"12011","West Nova","Nova-Ouest","Nova Scotia","Nouvelle-Écosse",12,82026,F,83654,F,-1.9,43132,42671,F,1.1,36406,35984,F,1.2,8885.44,9.2,
"13001","Acadie--Bathurst","Acadie--Bathurst","New Brunswick","Nouveau-Brunswick",13,77791,F,79340,F,-2.0,38754,37333,F,3.8,34544,34114,F,1.3,5063.17,15.4,
"13002","Beauséjour","Beauséjour","New Brunswick","Nouveau-Brunswick",13,82292,F,80416,F,2.3,40844,39137,F,4.4,34287,32677,F,4.9,3995.89,20.6,
"13003","Fredericton","Fredericton","New Brunswick","Nouveau-Brunswick",13,83303,F,81759,F,1.9,38988,37058,F,5.2,35505,34358,F,3.3,1502.52,55.4,
"13004","Fundy Royal","Fundy Royal","New Brunswick","Nouveau-Brunswick",13,79943,F,79386,T,0.7,34819,33483,T,4.0,31562,30519,T,3.4,7230.86,11.1,
"13005","Madawaska--Restigouche","Madawaska--Restigouche","New Brunswick","Nouveau-Brunswick",13,60378,F,62540,F,-3.5,29362,29382,F,-0.1,27037,27271,F,-0.9,11700.98,5.2,
"13006","Miramichi--Grand Lake","Miramichi--Grand Lake","New Brunswick","Nouveau-Brunswick",13,57405,F,59343,F,-3.3,28248,27536,F,2.6,24937,24808,F,0.5,16867.04,3.4,
"13007","Moncton--Riverview--Dieppe","Moncton--Riverview--Dieppe","New Brunswick","Nouveau-Brunswick",13,92666,F,89484,F,3.6,45200,42776,F,5.7,41366,39554,F,4.6,157.02,590.2,
"13008","New Brunswick Southwest","Nouveau-Brunswick-Sud-Ouest","New Brunswick","Nouveau-Brunswick",13,65287,F,66197,F,-1.4,32907,32037,F,2.7,27100,26809,F,1.1,9911.43,6.6,
"13009","Saint John--Rothesay","Saint John--Rothesay","New Brunswick","Nouveau-Brunswick",13,79363,F,82074,T,-3.3,38678,38300,T,1.0,34899,35331,T,-1.2,391.02,203.0,
"13010","Tobique--Mactaquac","Tobique--Mactaquac","New Brunswick","Nouveau-Brunswick",13,68673,F,70632,F,-2.8,31921,31423,F,1.6,28536,28566,F,-0.1,14568.89,4.7,
"24001","Abitibi--Baie-James--Nunavik--Eeyou","Abitibi--Baie-James--Nunavik--Eeyou","Quebec","Québec",24,87787,F,85475,F,2.7,36403,34047,F,6.9,32713,31297,F,4.5,771483.97,0.1,
"24002","Abitibi--Témiscamingue","Abitibi--Témiscamingue","Quebec","Québec",24,103491,F,102794,F,0.7,50987,48525,F,5.1,45535,44202,F,3.0,33444.46,3.1,
"24003","Ahuntsic-Cartierville","Ahuntsic-Cartierville","Quebec","Québec",24,117447,F,110473,F,6.3,54073,52515,F,3.0,50908,48822,F,4.3,21.72,5407.1,
"24004","Alfred-Pellan","Alfred-Pellan","Quebec","Québec",24,101373,F,98045,F,3.4,39078,37882,F,3.2,37948,36869,F,2.9,113.98,889.4,
"24005","Argenteuil--La Petite-Nation","Argenteuil--La Petite-Nation","Quebec","Québec",24,95781,F,94208,F,1.7,56597,53809,F,5.2,42508,40688,F,4.5,4958.84,19.3,
"24006","Avignon--La Mitis--Matane--Matapédia","Avignon--La Mitis--Matane--Matapédia","Quebec","Québec",24,71897,F,74547,F,-3.6,38122,37715,F,1.1,33093,33214,F,-0.4,14461.67,5.0,
"24007","Beauce","Beauce","Quebec","Québec",24,108746,F,106386,T,2.2,49103,47817,T,2.7,46173,44441,T,3.9,4103.54,26.5,
"24008","Beauport--Limoilou","Beauport--Limoilou","Quebec","Québec",24,96029,F,92944,F,3.3,50918,48156,F,5.7,48440,46708,F,3.7,33.44,2871.5,
"24009","Bécancour--Nicolet--Saurel","Bécancour--Nicolet--Saurel","Quebec","Québec",24,94588,F,93779,F,0.9,46417,44822,F,3.6,42919,41714,F,2.9,2749.31,34.4,
"24010","Bellechasse--Les Etchemins--Lévis","Bellechasse--Les Etchemins--Lévis","Quebec","Québec",24,114966,F,112385,F,2.3,55658,52885,F,5.2,51114,48989,F,4.3,3202.78,35.9,
"24011","Beloeil--Chambly","Beloeil--Chambly","Quebec","Québec",24,117343,F,109955,F,6.7,47816,44354,F,7.8,46569,43178,F,7.9,378.26,310.2,
"24012","Berthier--Maskinongé","Berthier--Maskinongé","Quebec","Québec",24,100371,F,98590,F,1.8,50785,48480,F,4.8,43965,42276,F,4.0,4150.60,24.2,
"24013","Thérèse-De Blainville","Thérèse-De Blainville","Quebec","Québec",24,101840,F,98499,F,3.4,41060,39244,F,4.6,40115,38022,F,5.5,74.96,1358.7,
"24014","Pierre-Boucher--Les Patriotes--Verchères","Pierre-Boucher--Les Patriotes--Verchères","Quebec","Québec",24,99787,F,95326,F,4.7,40877,38337,F,6.6,39974,37361,F,7.0,683.76,145.9,
"24015","Bourassa","Bourassa","Quebec","Québec",24,101032,F,100286,F,0.7,46646,46371,F,0.6,43115,43109,F,0.0,13.56,7450.0,
"24016","Brome--Missisquoi","Brome--Missisquoi","Quebec","Québec",24,103457,F,98616,F,4.9,58935,55124,F,6.9,46577,43735,F,6.5,2783.46,37.2,
"24017","Brossard--Saint-Lambert","Brossard--Saint-Lambert","Quebec","Québec",24,107582,F,100828,F,6.7,44695,42518,F,5.1,43071,40988,F,5.1,52.82,2036.9,
"24018","Rimouski-Neigette--Témiscouata--Les Basques","Rimouski-Neigette--Témiscouata--Les Basques","Quebec","Québec",24,84918,F,84809,F,0.1,44774,42898,F,4.4,39005,37943,F,2.8,7741.02,11.0,
"24019","Charlesbourg--Haute-Saint-Charles","Charlesbourg--Haute-Saint-Charles","Quebec","Québec",24,107254,F,103285,T,3.8,48289,46416,T,4.0,47067,45486,T,3.5,111.44,962.5,
"24020","Beauport--Côte-de-Beaupré--Île d'Orléans--Charlevoix","Beauport--Côte-de-Beaupré--Île d'Orléans--Charlevoix","Quebec","Québec",24,93674,F,92496,F,1.3,46564,44193,F,5.4,39947,38363,F,4.1,11179.73,8.4,
"24021","Châteauguay--Lacolle","Châteauguay--Lacolle","Quebec","Québec",24,97887,F,92169,F,6.2,39798,37062,F,7.4,38514,35818,F,7.5,905.92,108.1,
"24022","Chicoutimi--Le Fjord","Chicoutimi--Le Fjord","Quebec","Québec",24,81639,F,81501,F,0.2,40419,38892,F,3.9,37628,36519,F,3.0,2545.71,32.1,
"24023","Compton--Stanstead","Compton--Stanstead","Quebec","Québec",24,105459,F,101946,F,3.4,48816,46439,F,5.1,43646,41578,F,5.0,4560.51,23.1,
"24024","Dorval--Lachine--LaSalle","Dorval--Lachine--LaSalle","Quebec","Québec",24,112866,F,106886,F,5.6,53004,49675,F,6.7,49211,46623,F,5.6,49.70,2271.1,
"24025","Drummond","Drummond","Quebec","Québec",24,103397,F,98681,F,4.8,47581,45249,F,5.2,45334,42972,F,5.5,1600.26,64.6,
"24026","Gaspésie--Les Îles-de-la-Madeleine","Gaspésie--Les Îles-de-la-Madeleine","Quebec","Québec",24,75850,F,78833,F,-3.8,39120,38078,F,2.7,34361,34361,F,0.0,16831.35,4.5,
"24027","Gatineau","Gatineau","Quebec","Québec",24,107464,F,106424,F,1.0,47576,45640,F,4.2,45549,44203,F,3.0,118.97,903.3,
"24028","Hochelaga","Hochelaga","Quebec","Québec",24,106496,F,103436,F,3.0,58438,56724,F,3.0,54561,53409,F,2.2,19.55,5447.4,
"24029","Honoré-Mercier","Honoré-Mercier","Quebec","Québec",24,103592,F,102587,F,1.0,42888,43163,F,-0.6,41529,41659,F,-0.3,37.92,2732.1,
"24030","Hull--Aylmer","Hull--Aylmer","Quebec","Québec",24,105419,F,103447,F,1.9,52089,49755,F,4.7,47943,46954,F,2.1,62.11,1697.3,
"24031","Joliette","Joliette","Quebec","Québec",24,104136,F,100683,F,3.4,59537,56897,F,4.6,47067,44937,F,4.7,8206.16,12.7,
"24032","Jonquière","Jonquière","Quebec","Québec",24,89818,F,87596,F,2.5,43362,40828,F,6.2,39306,37590,F,4.6,39196.14,2.3,
"24033","La Pointe-de-l'Île","La Pointe-de-l'Île","Quebec","Québec",24,106336,F,103512,F,2.7,49814,48723,F,2.2,47453,46622,F,1.8,41.56,2558.9,
"24034","La Prairie","La Prairie","Quebec","Québec",24,105496,T,99811,F,5.7,41471,38510,F,7.7,40628,37733,F,7.7,278.94,378.2,
"24035","Lac-Saint-Jean","Lac-Saint-Jean","Quebec","Québec",24,104911,F,105783,F,-0.8,51903,52342,F,-0.8,45860,45166,F,1.5,56970.86,1.8,
"24036","Lac-Saint-Louis","Lac-Saint-Louis","Quebec","Québec",24,108579,F,108795,F,-0.2,40778,40113,F,1.7,39370,38865,F,1.3,78.38,1385.2,
"24037","LaSalle--Émard--Verdun","LaSalle--Émard--Verdun","Quebec","Québec",24,106766,F,105317,F,1.4,54827,54164,F,1.2,51455,51087,F,0.7,18.84,5666.7,
"24038","Laurentides--Labelle","Laurentides--Labelle","Quebec","Québec",24,113815,T,111357,F,2.2,80889,77313,F,4.6,54545,51877,F,5.1,17779.21,6.4,
"24039","Laurier--Sainte-Marie","Laurier--Sainte-Marie","Quebec","Québec",24,111835,F,107034,F,4.5,70379,67324,F,4.5,62938,61591,F,2.2,10.40,10756.9,
"24040","Laval--Les Îles","Laval--Les Îles","Quebec","Québec",24,108003,F,103053,F,4.8,40745,39026,F,4.4,39260,37741,F,4.0,46.36,2329.7,
"24041","Longueuil--Charles-LeMoyne","Longueuil--Charles-LeMoyne","Quebec","Québec",24,106583,F,104895,F,1.6,50632,49342,F,2.6,47874,47118,F,1.6,37.44,2846.6,
"24042","Lévis--Lotbinière","Lévis--Lotbinière","Quebec","Québec",24,113528,F,107593,F,5.5,47364,43940,F,7.8,45445,42151,F,7.8,2066.29,54.9,
"24043","Longueuil--Saint-Hubert","Longueuil--Saint-Hubert","Quebec","Québec",24,108703,F,104366,F,4.2,50064,48347,F,3.6,47743,46299,F,3.1,55.25,1967.6,
"24044","Louis-Hébert","Louis-Hébert","Quebec","Québec",24,103346,F,104038,F,-0.7,52770,51772,F,1.9,48294,48958,F,-1.4,94.78,1090.3,
"24045","Louis-Saint-Laurent","Louis-Saint-Laurent","Quebec","Québec",24,117238,F,106888,F,9.7,52195,47418,F,10.1,50861,45958,F,10.7,138.17,848.5,
"24046","Manicouagan","Manicouagan","Quebec","Québec",24,92518,F,94766,F,-2.4,45156,43312,F,4.3,39946,39897,F,0.1,247655.33,0.4,
"24047","Mégantic--L'Érable","Mégantic--L'Érable","Quebec","Québec",24,87233,F,88696,T,-1.6,46507,45355,T,2.5,39498,39009,T,1.3,5935.56,14.7,
"24048","Mirabel","Mirabel","Quebec","Québec",24,117652,T,103536,F,13.6,46781,40409,F,15.8,45156,38830,F,16.3,839.35,140.2,
"24049","Montarville","Montarville","Quebec","Québec",24,97811,F,95095,F,2.9,38152,36125,F,5.6,37652,35599,F,5.8,150.68,649.1,
"24050","Montcalm","Montcalm","Quebec","Québec",24,107981,F,99518,F,8.5,45181,41137,F,9.8,42906,38611,F,11.1,874.90,123.4,
"24051","Montmagny--L'Islet--Kamouraska--Rivière-du-Loup","Montmagny--L'Islet--Kamouraska--Rivière-du-Loup","Quebec","Québec",24,95527,F,97261,F,-1.8,49667,48492,F,2.4,42749,42216,F,1.3,7320.03,13.1,
"24052","Mount Royal","Mont-Royal","Quebec","Québec",24,103320,F,101258,F,2.0,43829,41904,F,4.6,40766,39513,F,3.2,22.54,4583.3,
"24053","Notre-Dame-de-Grâce--Westmount","Notre-Dame-de-Grâce--Westmount","Quebec","Québec",24,104974,F,104410,F,0.5,51957,51449,F,1.0,47411,47459,F,-0.1,16.04,6544.1,
"24054","Outremont","Outremont","Quebec","Québec",24,102088,F,100916,F,1.2,52802,52254,F,1.0,47168,47645,F,-1.0,11.95,8542.0,
"24055","Papineau","Papineau","Quebec","Québec",24,110750,F,108977,F,1.6,56028,54127,F,3.5,52286,50953,F,2.6,9.91,11179.4,
"24056","Pierrefonds--Dollard","Pierrefonds--Dollard","Quebec","Québec",24,108587,F,108740,F,-0.1,40736,40183,F,1.4,39517,38964,F,1.4,51.07,2126.3,
"24057","Pontiac","Pontiac","Quebec","Québec",24,115531,T,106499,F,8.5,61435,55345,F,11.0,46523,42420,F,9.7,27281.85,4.2,
"24058","Portneuf--Jacques-Cartier","Portneuf--Jacques-Cartier","Quebec","Québec",24,115313,F,104440,T,10.4,52665,47751,T,10.3,46656,41855,T,11.5,7205.33,16.0,
"24059","Québec","Québec","Quebec","Québec",24,97143,F,96525,F,0.6,57750,57002,F,1.3,53000,53358,F,-0.7,34.56,2810.8,
"24060","Repentigny","Repentigny","Quebec","Québec",24,116066,F,111191,F,4.4,47264,45736,F,3.3,46370,44577,F,4.0,198.77,583.9,
"24061","Richmond--Arthabaska","Richmond--Arthabaska","Quebec","Québec",24,107242,F,103897,F,3.2,50441,48129,F,4.8,46758,44795,F,4.4,3433.01,31.2,
"24062","Rivière-des-Mille-Îles","Rivière-des-Mille-Îles","Quebec","Québec",24,102346,F,102816,F,-0.5,41700,40999,F,1.7,40824,40011,F,2.0,115.26,888.0,
"24063","Rivière-du-Nord","Rivière-du-Nord","Quebec","Québec",24,112156,F,102085,F,9.9,52383,47770,F,9.7,49057,44580,F,10.0,357.32,313.9,
"24064","Rosemont--La Petite-Patrie","Rosemont--La Petite-Patrie","Quebec","Québec",24,110677,F,106293,F,4.1,62820,60280,F,4.2,58582,57238,F,2.3,10.67,10370.6,
"24065","Marc-Aurèle-Fortin","Marc-Aurèle-Fortin","Quebec","Québec",24,101750,F,96082,F,5.9,36706,35406,F,3.7,36213,34800,F,4.1,52.78,1927.8,
"24066","Saint-Hyacinthe--Bagot","Saint-Hyacinthe--Bagot","Quebec","Québec",24,102693,F,99629,F,3.1,47345,45193,F,4.8,44653,43010,F,3.8,1882.70,54.5,
"24067","Saint-Jean","Saint-Jean","Quebec","Québec",24,111190,F,108244,F,2.7,48854,47154,F,3.6,47276,45524,F,3.8,686.33,162.0,
"24068","Saint-Laurent","Saint-Laurent","Quebec","Québec",24,98828,F,93842,F,5.3,39771,37798,F,5.2,37378,35971,F,3.9,42.96,2300.6,
"24069","Saint-Léonard--Saint-Michel","Saint-Léonard--Saint-Michel","Quebec","Québec",24,113212,F,110649,F,2.3,46926,46166,F,1.6,44313,43997,F,0.7,20.24,5592.8,
"24070","Saint-Maurice--Champlain","Saint-Maurice--Champlain","Quebec","Québec",24,110264,F,110268,T,0.0,59084,57834,T,2.2,51177,50076,T,2.2,34573.41,3.2,
"24071","Salaberry--Suroît","Salaberry--Suroît","Quebec","Québec",24,112826,F,107036,F,5.4,53166,49637,F,7.1,48889,46081,F,6.1,2149.15,52.5,
"24072","Shefford","Shefford","Quebec","Québec",24,111139,F,107538,F,3.3,50478,47756,F,5.7,48304,45843,F,5.4,1370.84,81.1,
"24073","Sherbrooke","Sherbrooke","Quebec","Québec",24,111176,F,107988,F,3.0,59305,56321,F,5.3,53435,51990,F,2.8,99.48,1117.6,
"24074","Vaudreuil--Soulanges","Vaudreuil--Soulanges","Quebec","Québec",24,119227,F,111905,F,6.5,46863,43750,F,7.1,45484,42454,F,7.1,393.20,303.2,
"24075","Terrebonne","Terrebonne","Quebec","Québec",24,111575,F,106322,F,4.9,42622,40282,F,5.8,41801,39388,F,6.1,154.12,723.9,
"24076","Trois-Rivières","Trois-Rivières","Quebec","Québec",24,110515,F,108779,T,1.6,57760,56371,T,2.5,53465,52523,T,1.8,125.46,880.9,
"24077","Ville-Marie--Le Sud-Ouest--Île-des-Soeurs","Ville-Marie--Le Sud-Ouest--Île-des-Soeurs","Quebec","Québec",24,114659,F,103070,F,11.2,73396,64460,F,13.9,62412,55916,F,11.6,22.26,5151.0,
"24078","Vimy","Vimy","Quebec","Québec",24,111867,F,104373,F,7.2,49157,47195,F,4.2,46907,45046,F,4.1,34.11,3279.5,
"35001","Ajax","Ajax","Ontario","Ontario",35,119677,F,109600,F,9.2,38105,35593,F,7.1,37549,35038,F,7.2,67.00,1786.4,
"35002","Algoma--Manitoulin--Kapuskasing","Algoma--Manitoulin--Kapuskasing","Ontario","Ontario",35,79483,F,79801,F,-0.4,47361,46427,F,2.0,35658,35014,F,1.8,93436.34,0.9,
"35003","Aurora--Oak Ridges--Richmond Hill","Aurora--Oak Ridges--Richmond Hill","Ontario","Ontario",35,115227,F,106064,F,8.6,36164,32478,F,11.3,35222,31510,F,11.8,94.63,1217.7,
"35004","Barrie--Innisfil","Barrie--Innisfil","Ontario","Ontario",35,109286,F,101584,F,7.6,40106,37760,F,6.2,38071,35427,F,7.5,331.08,330.1,
"35005","Barrie--Springwater--Oro-Medonte","Barrie--Springwater--Oro-Medonte","Ontario","Ontario",35,100788,F,97876,F,3.0,41490,40022,F,3.7,39270,37564,F,4.5,966.10,104.3,
"35006","Bay of Quinte","Baie de Quinte","Ontario","Ontario",35,109735,F,109488,F,0.2,50787,49689,F,2.2,46854,45967,F,1.9,1621.34,67.7,
"35007","Beaches--East York","Beaches--East York","Ontario","Ontario",35,109468,F,107084,F,2.2,47849,47558,F,0.6,45977,45690,F,0.6,16.64,6579.8,
"35008","Brampton Centre","Brampton-Centre","Ontario","Ontario",35,102270,F,103122,F,-0.8,35417,34532,F,2.6,34096,33701,F,1.2,43.70,2340.2,
"35009","Brampton East","Brampton-Est","Ontario","Ontario",35,122000,F,99712,F,22.4,28483,24008,F,18.6,27720,22960,F,20.7,84.90,1437.0,
"35010","Brampton North","Brampton-Nord","Ontario","Ontario",35,118180,F,111951,F,5.6,34102,31354,F,8.8,32981,30702,F,7.4,33.11,3568.9,
"35011","Brampton South","Brampton-Sud","Ontario","Ontario",35,121188,F,107364,F,12.9,40416,36774,F,9.9,38907,34625,F,12.4,46.73,2593.6,
"35012","Brampton West","Brampton-Ouest","Ontario","Ontario",35,130000,F,101757,T,27.8,35010,27993,T,25.1,34307,27282,T,25.7,57.92,2244.4,
"35013","Brantford--Brant","Brantford--Brant","Ontario","Ontario",35,130296,T,132443,F,-1.6,53063,54102,F,-1.9,51204,51713,F,-1.0,828.81,157.2,
"35014","Bruce--Grey--Owen Sound","Bruce--Grey--Owen Sound","Ontario","Ontario",35,107679,F,106475,F,1.1,58058,56913,F,2.0,45360,43866,F,3.4,6114.05,17.6,
"35015","Burlington","Burlington","Ontario","Ontario",35,123180,F,120569,F,2.2,51547,50373,F,2.3,50638,49579,F,2.1,75.80,1625.1,
"35016","Cambridge","Cambridge","Ontario","Ontario",35,115463,F,111693,F,3.4,44432,42768,F,3.9,43335,41454,F,4.5,346.97,332.8,
"35017","Chatham-Kent--Leamington","Chatham-Kent--Leamington","Ontario","Ontario",35,109619,F,111866,F,-2.0,48494,48359,F,0.3,44647,44279,F,0.8,2046.28,53.6,
"35018","Davenport","Davenport","Ontario","Ontario",35,108473,F,102360,F,6.0,48808,44334,F,10.1,45559,41106,F,10.8,12.08,8979.9,
"35019","Don Valley East","Don Valley-Est","Ontario","Ontario",35,94579,F,93007,F,1.7,39219,38727,F,1.3,38098,37610,F,1.3,22.76,4155.7,
"35020","Don Valley North","Don Valley-Nord","Ontario","Ontario",35,110076,F,103073,F,6.8,44193,39829,F,11.0,42477,38054,F,11.6,24.35,4519.7,
"35021","Don Valley West","Don Valley-Ouest","Ontario","Ontario",35,102508,F,99820,F,2.7,41320,40524,F,2.0,39723,39181,F,1.4,30.22,3392.0,
"35022","Dufferin--Caledon","Dufferin--Caledon","Ontario","Ontario",35,128237,F,116341,F,10.2,44910,40906,F,9.8,43174,39159,F,10.3,2174.59,59.0,
"35023","Durham","Durham","Ontario","Ontario",35,130872,F,115395,F,13.4,47106,42146,F,11.8,45721,40478,F,13.0,869.61,150.5,
"35024","Eglinton--Lawrence","Eglinton--Lawrence","Ontario","Ontario",35,114395,F,113150,F,1.1,47013,46180,F,1.8,44184,43943,F,0.5,22.67,5046.0,
"35025","Elgin--Middlesex--London","Elgin--Middlesex--London","Ontario","Ontario",35,115052,F,110109,F,4.5,46595,43756,F,6.5,44623,41645,F,7.2,2484.52,46.3,
"35026","Essex","Essex","Ontario","Ontario",35,125442,F,120477,F,4.1,48268,46093,F,4.7,46332,43817,F,5.7,1100.62,114.0,
"35027","Etobicoke Centre","Etobicoke-Centre","Ontario","Ontario",35,118022,F,114910,F,2.7,46400,44514,F,4.2,45055,43500,F,3.6,37.10,3181.2,
"35028","Etobicoke--Lakeshore","Etobicoke--Lakeshore","Ontario","Ontario",35,129081,F,115437,F,11.8,64172,55368,F,15.9,59683,52628,F,13.4,39.55,3263.4,
"35029","Etobicoke North","Etobicoke-Nord","Ontario","Ontario",35,118040,F,117601,F,0.4,39792,39319,F,1.2,37937,37086,F,2.3,47.77,2470.8,
"35030","Flamborough--Glanbrook","Flamborough--Glanbrook","Ontario","Ontario",35,111065,F,97081,F,14.4,38709,34075,T,13.6,38111,33452,T,13.9,886.16,125.3,
"35031","Glengarry--Prescott--Russell","Glengarry--Prescott--Russell","Ontario","Ontario",35,109975,F,106240,F,3.5,45265,42765,F,5.8,43437,41037,F,5.8,2909.20,37.8,
"35032","Guelph","Guelph","Ontario","Ontario",35,131794,F,121688,F,8.3,55927,52409,F,6.7,52090,48115,F,8.3,87.22,1511.1,
"35033","Haldimand--Norfolk","Haldimand--Norfolk","Ontario","Ontario",35,109652,F,108051,F,1.5,48192,46922,F,2.7,43509,41868,F,3.9,2859.09,38.4,
"35034","Haliburton--Kawartha Lakes--Brock","Haliburton--Kawartha Lakes--Brock","Ontario","Ontario",35,113956,F,110217,T,3.4,67863,66740,T,1.7,47279,44763,T,5.6,7890.12,14.4,
"35035","Hamilton Centre","Hamilton-Centre","Ontario","Ontario",35,100103,F,101932,F,-1.8,53261,52525,F,1.4,47465,47600,F,-0.3,30.22,3312.1,
"35036","Hamilton East--Stoney Creek","Hamilton-Est--Stoney Creek","Ontario","Ontario",35,107848,F,107786,F,0.1,45084,44277,T,1.8,43804,43008,T,1.9,67.40,1600.2,
"35037","Hamilton Mountain","Hamilton Mountain","Ontario","Ontario",35,104877,F,103615,F,1.2,40902,40298,F,1.5,40028,39330,F,1.8,33.14,3164.8,
"35038","Hamilton West--Ancaster--Dundas","Hamilton-Ouest--Ancaster--Dundas","Ontario","Ontario",35,113024,F,109535,F,3.2,44962,43367,F,3.7,42188,40416,F,4.4,100.37,1126.1,
"35039","Hastings--Lennox and Addington","Hastings--Lennox and Addington","Ontario","Ontario",35,94333,F,92513,T,2.0,46932,44007,T,6.6,37944,36390,T,4.3,8372.75,11.3,
"35040","Huron--Bruce","Huron--Bruce","Ontario","Ontario",35,106570,F,104842,F,1.6,52577,51450,F,2.2,43992,42414,F,3.7,5601.68,19.0,
"35041","Kanata--Carleton","Kanata--Carleton","Ontario","Ontario",35,110960,F,100846,F,10.0,40386,36085,F,11.9,39293,35056,F,12.1,764.83,145.1,
"35042","Kenora","Kenora","Ontario","Ontario",35,62556,T,55977,F,11.8,30454,29288,F,4.0,23256,21549,F,7.9,292684.84,0.2,
"35043","King--Vaughan","King--Vaughan","Ontario","Ontario",35,131995,F,109235,F,20.8,40349,33374,F,20.9,39067,32121,F,21.6,426.39,309.6,
"35044","Kingston and the Islands","Kingston et les Îles","Ontario","Ontario",35,117543,F,116996,F,0.5,58302,56033,F,4.0,51451,50433,F,2.0,355.75,330.4,
"35045","Kitchener Centre","Kitchener-Centre","Ontario","Ontario",35,105258,F,102433,F,2.8,48942,47168,F,3.8,46757,45014,F,3.9,41.47,2538.4,
"35046","Kitchener--Conestoga","Kitchener--Conestoga","Ontario","Ontario",35,100709,F,93827,F,7.3,33907,31461,F,7.8,33470,30912,F,8.3,895.74,112.4,
"35047","Kitchener South--Hespeler","Kitchener-Sud--Hespeler","Ontario","Ontario",35,105309,F,97673,F,7.8,39635,36714,F,8.0,38664,35721,F,8.2,104.28,1009.9,
"35048","Lambton--Kent--Middlesex","Lambton--Kent--Middlesex","Ontario","Ontario",35,105331,T,105919,F,-0.6,45783,45014,F,1.7,41600,40744,F,2.1,4920.98,21.4,
"35049","Lanark--Frontenac--Kingston","Lanark--Frontenac--Kingston","Ontario","Ontario",35,101630,F,98424,T,3.3,51548,49412,T,4.3,41424,39204,T,5.7,6467.65,15.7,
"35050","Leeds--Grenville--Thousand Islands and Rideau Lakes","Leeds--Grenville--Thousand Islands et Rideau Lakes","Ontario","Ontario",35,100546,F,99306,F,1.2,48226,45938,F,5.0,42749,41074,F,4.1,3382.89,29.7,
"35051","London--Fanshawe","London--Fanshawe","Ontario","Ontario",35,119467,F,119334,F,0.1,50242,49581,F,1.3,48242,46868,F,2.9,115.07,1038.2,
"35052","London North Centre","London-Centre-Nord","Ontario","Ontario",35,125362,F,118079,F,6.2,66352,63386,F,4.7,57767,54020,F,6.9,58.66,2137.0,
"35053","London West","London-Ouest","Ontario","Ontario",35,126110,F,119090,F,5.9,54144,51636,F,4.9,52427,49311,F,6.3,77.13,1635.0,
"35054","Markham--Stouffville","Markham--Stouffville","Ontario","Ontario",35,126064,F,109780,F,14.8,41171,36401,F,13.1,40298,35532,F,13.4,282.59,446.1,
"35055","Markham--Thornhill","Markham--Thornhill","Ontario","Ontario",35,99078,F,102221,F,-3.1,29331,29089,F,0.8,28268,27900,F,1.3,41.89,2365.4,
"35056","Markham--Unionville","Markham--Unionville","Ontario","Ontario",35,123318,F,104693,F,17.8,39948,32005,F,24.8,38557,31132,F,23.9,84.34,1462.2,
"35057","Milton","Milton","Ontario","Ontario",35,114093,F,88065,F,29.6,36988,29343,F,26.1,35607,28833,F,23.5,446.55,255.5,
"35058","Mississauga Centre","Mississauga-Centre","Ontario","Ontario",35,124849,F,118756,F,5.1,47047,44136,F,6.6,44565,41211,F,8.1,23.08,5410.1,
"35059","Mississauga East--Cooksville","Mississauga-Est--Cooksville","Ontario","Ontario",35,120205,F,121792,F,-1.3,44029,43851,F,0.4,43062,43011,F,0.1,32.08,3747.6,
"35060","Mississauga--Erin Mills","Mississauga--Erin Mills","Ontario","Ontario",35,122560,F,117199,F,4.6,38698,36367,F,6.4,37745,35599,F,6.0,33.75,3631.0,
"35061","Mississauga--Lakeshore","Mississauga--Lakeshore","Ontario","Ontario",35,117444,F,118893,F,-1.2,45551,45946,F,-0.9,44489,44581,F,-0.2,59.90,1960.8,
"35062","Mississauga--Malton","Mississauga--Malton","Ontario","Ontario",35,118240,F,118046,F,0.2,35449,34826,F,1.8,34051,33288,F,2.3,97.20,1216.5,
"35063","Mississauga--Streetsville","Mississauga--Streetsville","Ontario","Ontario",35,118301,F,118757,F,-0.4,37695,37412,F,0.8,37001,36892,F,0.3,46.43,2547.8,
"35064","Nepean","Nepean","Ontario","Ontario",35,119110,F,104775,F,13.7,41964,36952,F,13.6,41099,36078,F,13.9,171.94,692.8,
"35065","Newmarket--Aurora","Newmarket--Aurora","Ontario","Ontario",35,117418,F,109457,F,7.3,40722,37955,F,7.3,39769,37191,F,6.9,59.35,1978.3,
"35066","Niagara Centre","Niagara-Centre","Ontario","Ontario",35,109067,F,105860,F,3.0,49640,48536,F,2.3,45409,43568,F,4.2,301.26,362.0,
"35067","Niagara Falls","Niagara Falls","Ontario","Ontario",35,136292,F,128357,F,6.2,60574,56742,F,6.8,56046,51858,F,8.1,508.81,267.9,
"35068","Niagara West","Niagara-Ouest","Ontario","Ontario",35,90838,F,86533,F,5.0,34827,32964,F,5.7,33588,31610,F,6.3,989.15,91.8,
"35069","Nickel Belt","Nickel Belt","Ontario","Ontario",35,93772,F,90962,F,3.1,41896,40142,F,4.4,37837,35806,F,5.7,26812.82,3.5,
"35070","Nipissing--Timiskaming","Nipissing--Timiskaming","Ontario","Ontario",35,88813,F,90996,F,-2.4,43365,42722,F,1.5,38224,38497,T,-0.7,13208.18,6.7,
"35071","Northumberland--Peterborough South","Northumberland--Peterborough-Sud","Ontario","Ontario",35,112412,F,107840,F,4.2,49776,47485,F,4.8,45742,42725,F,7.1,2726.00,41.2,
"35072","Oakville","Oakville","Ontario","Ontario",35,120923,F,119649,F,1.1,45595,43941,F,3.8,43804,42873,F,2.2,78.27,1545.0,
"35073","Oakville North--Burlington","Oakville-Nord--Burlington","Ontario","Ontario",35,129078,F,114378,F,12.9,42559,38099,F,11.7,41850,37467,F,11.7,87.16,1480.9,
"35074","Oshawa","Oshawa","Ontario","Ontario",35,126764,F,125771,F,0.8,54127,53063,F,2.0,52340,51011,F,2.6,60.58,2092.5,
"35075","Ottawa Centre","Ottawa-Centre","Ontario","Ontario",35,118038,F,113619,F,3.9,66363,61639,F,7.7,59438,56885,F,4.5,32.19,3667.5,
"35076","Orléans","Orléans","Ontario","Ontario",35,128281,F,119247,F,7.6,46612,42632,T,9.3,46010,41847,F,9.9,205.03,625.7,
"35077","Ottawa South","Ottawa-Sud","Ontario","Ontario",35,121058,F,121894,F,-0.7,51384,50867,T,1.0,48416,48926,F,-1.0,72.88,1661.0,
"35078","Ottawa--Vanier","Ottawa--Vanier","Ontario","Ontario",35,111508,F,110999,F,0.5,58098,56578,F,2.7,52042,51819,F,0.4,39.09,2852.3,
"35079","Ottawa West--Nepean","Ottawa-Ouest--Nepean","Ontario","Ontario",35,111837,F,111881,F,0.0,50876,50285,F,1.2,48042,48196,F,-0.3,65.21,1715.0,
"35080","Oxford","Oxford","Ontario","Ontario",35,113790,F,108656,F,4.7,46359,44391,F,4.4,45240,42538,F,6.4,2247.53,50.6,
"35081","Parkdale--High Park","Parkdale--High Park","Ontario","Ontario",35,108805,F,105103,F,3.5,52997,51615,F,2.7,50291,48328,F,4.1,14.78,7360.2,
"35082","Parry Sound--Muskoka","Parry Sound--Muskoka","Ontario","Ontario",35,94398,T,91233,T,3.5,77291,74326,T,4.0,40501,38172,T,6.1,12542.62,7.5,
"35083","Perth--Wellington","Perth--Wellington","Ontario","Ontario",35,107908,F,104912,F,2.9,43512,42111,F,3.3,41783,39918,F,4.7,3580.29,30.1,
"35084","Peterborough--Kawartha","Peterborough--Kawartha","Ontario","Ontario",35,118176,F,115264,T,2.5,62328,59910,T,4.0,50142,48312,T,3.8,3025.15,39.1,
"35085","Pickering--Uxbridge","Pickering--Uxbridge","Ontario","Ontario",35,112947,F,109344,F,3.3,39576,37509,F,5.5,38582,36675,F,5.2,652.50,173.1,
"35086","Renfrew--Nipissing--Pembroke","Renfrew--Nipissing--Pembroke","Ontario","Ontario",35,103495,F,102537,F,0.9,50763,49226,F,3.1,43311,42316,F,2.4,11464.88,9.0,
"35087","Richmond Hill","Richmond Hill","Ontario","Ontario",35,110177,F,108658,F,1.4,41991,38364,F,9.5,40214,37472,F,7.3,39.92,2760.0,
"35088","Carleton","Carleton","Ontario","Ontario",35,102918,F,89522,F,15.0,36478,31424,F,16.1,35684,30807,F,15.8,1177.85,87.4,
"35089","St. Catharines","St. Catharines","Ontario","Ontario",35,111691,F,110596,F,1.0,51200,50635,F,1.1,48785,47649,F,2.4,55.01,2030.4,
"35090","Toronto--St. Paul's","Toronto--St. Paul's","Ontario","Ontario",35,107900,F,103983,F,3.8,56665,55376,F,2.3,53407,52255,F,2.2,13.10,8233.9,
"35091","Sarnia--Lambton","Sarnia--Lambton","Ontario","Ontario",35,105337,F,106293,F,-0.9,47953,47254,F,1.5,45594,44644,F,2.1,1477.68,71.3,
"35092","Sault Ste. Marie","Sault Ste. Marie","Ontario","Ontario",35,80371,T,82052,F,-2.0,39335,38813,F,1.3,35604,35370,F,0.7,5607.03,14.3,
"35093","Scarborough--Agincourt","Scarborough--Agincourt","Ontario","Ontario",35,105542,F,104499,F,1.0,37883,36424,F,4.0,36712,34943,F,5.1,21.37,4939.9,
"35094","Scarborough Centre","Scarborough-Centre","Ontario","Ontario",35,112603,F,108826,F,3.5,41775,41625,F,0.4,40292,39340,F,2.4,28.19,3994.0,
"35095","Scarborough--Guildwood","Scarborough--Guildwood","Ontario","Ontario",35,102386,F,101914,F,0.5,37014,37021,F,0.0,35887,35586,F,0.8,25.96,3944.7,
"35096","Scarborough North","Scarborough-Nord","Ontario","Ontario",35,98800,F,101080,F,-2.3,30273,30231,F,0.1,29411,29404,F,0.0,30.41,3249.4,
"35097","Scarborough--Rouge Park","Scarborough--Rouge Park","Ontario","Ontario",35,102275,F,102646,F,-0.4,33060,32723,F,1.0,32039,31620,F,1.3,53.31,1918.6,
"35098","Scarborough Southwest","Scarborough-Sud-Ouest","Ontario","Ontario",35,110278,F,106733,F,3.3,43158,42391,F,1.8,41451,40719,F,1.8,27.96,3944.8,
"35099","Simcoe--Grey","Simcoe--Grey","Ontario","Ontario",35,129944,F,116307,F,11.7,61293,56763,F,8.0,51086,45093,F,13.3,1863.34,69.7,
"35100","Simcoe North","Simcoe-Nord","Ontario","Ontario",35,111332,F,108672,F,2.4,58219,57064,F,2.0,46789,44765,F,4.5,1785.32,62.4,
"35101","Spadina--Fort York","Spadina--Fort York","Ontario","Ontario",35,115506,F,82480,F,40.0,75838,53178,F,42.6,67864,47144,F,44.0,12.47,9266.1,
"35102","Stormont--Dundas--South Glengarry","Stormont--Dundas--South Glengarry","Ontario","Ontario",35,103320,F,100913,F,2.4,45797,43680,F,4.8,43513,41738,F,4.3,2666.41,38.7,
"35103","Sudbury","Sudbury","Ontario","Ontario",35,91532,F,92048,F,-0.6,46382,45103,F,2.8,41736,41558,F,0.4,857.51,106.7,
"35104","Thornhill","Thornhill","Ontario","Ontario",35,112719,F,110427,F,2.1,39819,36800,F,8.2,38472,36063,F,6.7,62.90,1791.9,
"35105","Thunder Bay--Rainy River","Thunder Bay--Rainy River","Ontario","Ontario",35,82805,F,82984,F,-0.2,40862,40103,F,1.9,35151,35000,F,0.4,32697.86,2.5,
"35106","Thunder Bay--Superior North","Thunder Bay--Supérieur-Nord","Ontario","Ontario",35,82651,F,82827,F,-0.2,42614,41656,F,2.3,36070,35499,F,1.6,76852.43,1.1,
"35107","Timmins--James Bay","Timmins--Baie James","Ontario","Ontario",35,83257,F,83104,F,0.2,39486,37843,F,4.3,34754,34124,T,1.8,248070.73,0.3,
"35108","Toronto Centre","Toronto-Centre","Ontario","Ontario",35,103805,F,93971,F,10.5,64291,56919,F,13.0,58558,52478,F,11.6,5.84,17784.9,
"35109","Toronto--Danforth","Toronto--Danforth","Ontario","Ontario",35,106875,F,104017,F,2.7,48352,46698,F,3.5,46136,44811,F,3.0,19.75,5411.1,
"35110","University--Rosedale","University--Rosedale","Ontario","Ontario",35,104311,F,98605,F,5.8,58023,52551,F,10.4,51203,47786,F,7.2,13.60,7672.3,
"35111","Vaughan--Woodbridge","Vaughan--Woodbridge","Ontario","Ontario",35,105228,F,105450,F,-0.2,33045,31707,F,4.2,32403,31020,F,4.5,79.84,1318.0,
"35112","Waterloo","Waterloo","Ontario","Ontario",35,110134,F,103192,F,6.7,47994,44633,F,7.5,42200,39091,F,8.0,72.62,1516.6,
"35113","Wellington--Halton Hills","Wellington--Halton Hills","Ontario","Ontario",35,120981,F,115885,T,4.4,44629,42171,T,5.8,43199,40701,T,6.1,1487.86,81.3,
"35114","Whitby","Whitby","Ontario","Ontario",35,128377,F,122022,F,5.2,44195,41931,F,5.4,43529,41021,F,6.1,146.66,875.4,
"35115","Willowdale","Willowdale","Ontario","Ontario",35,118801,F,109680,F,8.3,53179,48828,F,8.9,49949,45561,F,9.6,19.77,6009.9,
"35116","Windsor--Tecumseh","Windsor--Tecumseh","Ontario","Ontario",35,117429,F,115528,F,1.6,51893,50919,F,1.9,50141,48020,F,4.4,163.24,719.4,
"35117","Windsor West","Windsor-Ouest","Ontario","Ontario",35,122988,F,118973,F,3.4,54871,54396,F,0.9,50375,48467,F,3.9,77.78,1581.2,
"35118","York Centre","York-Centre","Ontario","Ontario",35,104319,F,100277,F,4.0,41609,39741,F,4.7,39868,38188,F,4.4,35.20,2963.6,
"35119","York--Simcoe","York--Simcoe","Ontario","Ontario",35,104010,F,94616,F,9.9,39306,36253,F,8.4,36405,33062,F,10.1,791.32,131.4,
"35120","York South--Weston","York-Sud--Weston","Ontario","Ontario",35,116686,F,116606,F,0.1,47161,46808,F,0.8,45009,44646,F,0.8,24.81,4702.5,
"35121","Humber River--Black Creek","Humber River--Black Creek","Ontario","Ontario",35,108037,F,108198,F,-0.1,39013,39369,F,-0.9,36159,36270,F,-0.3,30.56,3535.5,
"46001","Brandon--Souris","Brandon--Souris","Manitoba","Manitoba",46,88170,F,83814,F,5.2,39667,37542,F,5.7,35779,34222,F,4.5,17842.36,4.9,
"46002","Charleswood--St. James--Assiniboia--Headingley","Charleswood--St. James--Assiniboia--Headingley","Manitoba","Manitoba",46,82574,F,81864,F,0.9,35004,34631,F,1.1,34328,34042,F,0.8,205.03,402.7,
"46003","Churchill--Keewatinook Aski","Churchill--Keewatinook Aski","Manitoba","Manitoba",46,87027,F,85148,F,2.2,30539,29432,F,3.8,25057,24861,F,0.8,433173.82,0.2,
"46004","Dauphin--Swan River--Neepawa","Dauphin--Swan River--Neepawa","Manitoba","Manitoba",46,87527,F,87374,F,0.2,41384,40863,F,1.3,34499,34630,F,-0.4,50818.98,1.7,
"46005","Elmwood--Transcona","Elmwood--Transcona","Manitoba","Manitoba",46,92738,F,85906,F,8.0,36874,35074,F,5.1,35985,34275,F,5.0,49.62,1869.1,
"46006","Kildonan--St. Paul","Kildonan--St. Paul","Manitoba","Manitoba",46,84077,F,81794,F,2.8,34413,33500,F,2.7,33440,32716,F,2.2,170.46,493.2,
"46007","Portage--Lisgar","Portage--Lisgar","Manitoba","Manitoba",46,97354,F,91019,F,7.0,35539,33170,F,7.1,33877,31617,F,7.1,12509.09,7.8,
"46008","Provencher","Provencher","Manitoba","Manitoba",46,99946,F,88640,F,12.8,39808,35229,F,13.0,34632,30167,F,14.8,18100.37,5.5,
"46009","Saint Boniface--Saint Vital","Saint-Boniface--Saint-Vital","Manitoba","Manitoba",46,89818,F,84353,F,6.5,38909,37299,F,4.3,37674,35879,F,5.0,63.43,1416.0,
"46010","Selkirk--Interlake--Eastman","Selkirk--Interlake--Eastman","Manitoba","Manitoba",46,94778,F,91463,F,3.6,52355,50223,F,4.2,38035,36276,F,4.8,19224.98,4.9,
"46011","Winnipeg Centre","Winnipeg-Centre","Manitoba","Manitoba",46,85949,F,82026,F,4.8,41305,39584,F,4.3,37178,35944,F,3.4,28.45,3021.0,
"46012","Winnipeg North","Winnipeg-Nord","Manitoba","Manitoba",46,95676,F,88616,F,8.0,33615,31674,F,6.1,31279,29742,F,5.2,37.26,2567.8,
"46013","Winnipeg South","Winnipeg-Sud","Manitoba","Manitoba",46,99678,F,85540,F,16.5,36887,31548,F,16.9,35560,30596,F,16.2,102.15,975.8,
"46014","Winnipeg South Centre","Winnipeg-Centre-Sud","Manitoba","Manitoba",46,93053,F,90711,F,2.6,43449,42920,F,1.2,41727,41171,F,1.4,45.01,2067.6,
"47001","Battlefords--Lloydminster","Battlefords--Lloydminster","Saskatchewan","Saskatchewan",47,73506,F,70034,F,5.0,33785,31449,F,7.4,27776,26413,F,5.2,29491.82,2.5,
"47002","Cypress Hills--Grasslands","Cypress Hills--Grasslands","Saskatchewan","Saskatchewan",47,68353,F,67834,F,0.8,32853,32410,F,1.4,27823,27684,F,0.5,75884.34,0.9,
"47003","Desnethé--Missinippi--Churchill River","Desnethé--Missinippi--Rivière Churchill","Saskatchewan","Saskatchewan",47,70891,F,69471,F,2.0,31377,28863,F,8.7,21651,20857,F,3.8,304710.55,0.2,
"47004","Carlton Trail--Eagle Creek","Sentier Carlton--Eagle Creek","Saskatchewan","Saskatchewan",47,80662,F,72607,F,11.1,33355,30234,F,10.3,29847,27020,F,10.5,28381.48,2.8,
"47005","Moose Jaw--Lake Centre--Lanigan","Moose Jaw--Lake Centre--Lanigan","Saskatchewan","Saskatchewan",47,79733,F,76106,F,4.8,39278,37830,F,3.8,32792,31829,F,3.0,32333.62,2.5,
"47006","Prince Albert","Prince Albert","Saskatchewan","Saskatchewan",47,79625,F,79344,F,0.4,34008,33081,F,2.8,31100,30856,F,0.8,18916.36,4.2,
"47007","Regina--Lewvan","Regina--Lewvan","Saskatchewan","Saskatchewan",47,92426,F,79587,F,16.1,38657,33336,F,16.0,36895,32310,F,14.2,58.00,1593.6,
"47008","Regina--Qu'Appelle","Regina--Qu'Appelle","Saskatchewan","Saskatchewan",47,76017,F,72891,F,4.3,34486,31961,F,7.9,30087,28709,F,4.8,13023.18,5.8,
"47009","Regina--Wascana","Regina--Wascana","Saskatchewan","Saskatchewan",47,84153,F,77208,F,9.0,37104,33838,F,9.7,34724,32260,F,7.6,61.98,1357.7,
"47010","Saskatoon--Grasswood","Saskatoon--Grasswood","Saskatchewan","Saskatchewan",47,82946,F,72010,F,15.2,36211,31713,F,14.2,33909,30284,F,12.0,335.90,246.9,
"47011","Saskatoon--University","Saskatoon--University","Saskatchewan","Saskatchewan",47,82663,F,76257,F,8.4,35529,32213,F,10.3,32647,30481,F,7.1,68.91,1199.6,
"47012","Saskatoon West","Saskatoon-Ouest","Saskatchewan","Saskatchewan",47,83711,F,76704,F,9.1,36397,33320,F,9.2,33017,31125,F,6.1,91.40,915.8,
"47013","Souris--Moose Mountain","Souris--Moose Mountain","Saskatchewan","Saskatchewan",47,72635,F,72058,F,0.8,34896,33000,F,5.7,29615,29085,F,1.8,42348.52,1.7,
"47014","Yorkton--Melville","Yorkton--Melville","Saskatchewan","Saskatchewan",47,71031,F,71270,F,-0.3,37646,37264,F,1.0,30739,30732,F,0.0,42537.47,1.7,
"48001","Banff--Airdrie","Banff--Airdrie","Alberta","Alberta",48,135762,F,105442,F,28.8,52453,42054,F,24.7,48064,37275,F,28.9,12358.29,11.0,
"48002","Battle River--Crowfoot","Battle River--Crowfoot","Alberta","Alberta",48,110223,F,107140,F,2.9,47750,45852,F,4.1,43129,41676,F,3.5,51977.75,2.1,
"48003","Bow River","Bow River","Alberta","Alberta",48,115022,F,103871,F,10.7,41278,38656,F,6.8,38486,35237,F,9.2,24036.47,4.8,
"48004","Calgary Centre","Calgary-Centre","Alberta","Alberta",48,119176,F,108931,F,9.4,70457,64738,F,8.8,62078,58458,F,6.2,49.20,2422.4,
"48005","Calgary Confederation","Calgary Confederation","Alberta","Alberta",48,122023,F,111785,F,9.2,58507,55984,F,4.5,54364,51493,F,5.6,54.38,2244.1,
"48006","Calgary Forest Lawn","Calgary Forest Lawn","Alberta","Alberta",48,111830,F,108183,T,3.4,41364,40368,T,2.5,38784,38081,T,1.8,53.02,2109.3,
"48007","Calgary Heritage","Calgary Heritage","Alberta","Alberta",48,112087,F,108320,F,3.5,44037,43735,T,0.7,43012,42271,T,1.8,66.93,1674.8,
"48008","Calgary Midnapore","Calgary Midnapore","Alberta","Alberta",48,121844,F,111227,F,9.5,45894,42408,F,8.2,44792,41229,F,8.6,83.72,1455.4,
"48009","Calgary Nose Hill","Calgary Nose Hill","Alberta","Alberta",48,115795,F,109286,F,6.0,41103,39601,F,3.8,40387,38541,F,4.8,57.99,1996.7,
"48010","Calgary Rocky Ridge","Calgary Rocky Ridge","Alberta","Alberta",48,131823,F,108901,F,21.0,45765,38443,F,19.0,44797,37650,F,19.0,91.17,1446.0,
"48011","Calgary Shepard","Calgary Shepard","Alberta","Alberta",48,147520,F,110364,T,33.7,54774,41621,T,31.6,53324,40205,T,32.6,180.70,816.4,
"48012","Calgary Signal Hill","Calgary Signal Hill","Alberta","Alberta",48,121392,F,109647,F,10.7,47206,44328,F,6.5,45972,42435,F,8.3,65.91,1841.8,
"48013","Calgary Skyview","Calgary Skyview","Alberta","Alberta",48,135730,F,110189,F,23.2,40543,34622,F,17.1,39215,33054,F,18.6,122.56,1107.4,
"48014","Edmonton Centre","Edmonton-Centre","Alberta","Alberta",48,109941,F,106121,F,3.6,60382,59850,F,0.9,53918,53728,F,0.4,45.39,2421.9,
"48015","Edmonton Griesbach","Edmonton Griesbach","Alberta","Alberta",48,112287,F,107809,F,4.2,49442,48498,F,1.9,45145,44201,F,2.1,45.97,2442.7,
"48016","Edmonton Manning","Edmonton Manning","Alberta","Alberta",48,121048,F,106208,T,14.0,45519,39796,T,14.4,43053,38097,T,13.0,157.73,767.4,
"48017","Edmonton Mill Woods","Edmonton Mill Woods","Alberta","Alberta",48,118561,F,106103,F,11.7,40356,37243,F,8.4,39049,35507,F,10.0,51.42,2305.9,
"48018","Edmonton Riverbend","Edmonton Riverbend","Alberta","Alberta",48,120863,F,106302,F,13.7,47270,41670,F,13.4,44950,39801,F,12.9,61.50,1965.3,
"48019","Edmonton Strathcona","Edmonton Strathcona","Alberta","Alberta",48,106066,F,103183,F,2.8,53363,53408,F,-0.1,47968,48179,F,-0.4,81.82,1296.3,
"48020","Edmonton West","Edmonton-Ouest","Alberta","Alberta",48,121869,F,104422,F,16.7,47066,41579,F,13.2,44882,39790,F,12.8,104.72,1163.8,
"48021","Edmonton--Wetaskiwin","Edmonton--Wetaskiwin","Alberta","Alberta",48,158749,F,110644,F,43.5,64260,45315,F,41.8,57322,40950,F,40.0,4842.44,32.8,
"48022","Foothills","Foothills","Alberta","Alberta",48,113227,F,105515,F,7.3,44928,42428,T,5.9,41318,38885,T,6.3,20865.99,5.4,
"48023","Fort McMurray--Cold Lake","Fort McMurray--Cold Lake","Alberta","Alberta",48,110230,F,101538,F,8.6,47551,42858,F,11.0,39417,35710,F,10.4,144436.18,0.8,
"48024","Grande Prairie--Mackenzie","Grande Prairie--Mackenzie","Alberta","Alberta",48,117327,F,106738,F,9.9,47676,43012,F,10.8,42675,39563,F,7.9,112885.43,1.0,
"48025","Lakeland","Lakeland","Alberta","Alberta",48,108451,T,104616,F,3.7,50340,45787,F,9.9,41285,39878,F,3.5,31324.35,3.5,
"48026","Lethbridge","Lethbridge","Alberta","Alberta",48,117394,F,105999,F,10.8,48317,45251,F,6.8,45696,41555,F,10.0,2975.08,39.5,
"48027","Medicine Hat--Cardston--Warner","Medicine Hat--Cardston--Warner","Alberta","Alberta",48,106896,F,102847,F,3.9,43243,42029,F,2.9,40125,38586,F,4.0,29559.04,3.6,
"48028","Peace River--Westlock","Peace River--Westlock","Alberta","Alberta",48,109965,F,108095,F,1.7,45145,42842,F,5.4,39070,38155,F,2.4,107085.59,1.0,
"48029","Red Deer--Mountain View","Red Deer--Mountain View","Alberta","Alberta",48,119019,F,110793,F,7.4,50728,47362,F,7.1,46577,43274,F,7.6,7696.45,15.5,
"48030","Red Deer--Lacombe","Red Deer--Lacombe","Alberta","Alberta",48,128786,F,113693,F,13.3,53842,47985,F,12.2,48425,42796,F,13.2,6217.91,20.7,
"48031","St. Albert--Edmonton","St. Albert--Edmonton","Alberta","Alberta",48,121313,F,105216,T,15.3,44135,38818,T,13.7,42948,37897,T,13.3,105.71,1147.6,
"48032","Sherwood Park--Fort Saskatchewan","Sherwood Park--Fort Saskatchewan","Alberta","Alberta",48,122193,F,111541,F,9.5,46293,42245,F,9.6,44828,40462,F,10.8,1230.95,99.3,
"48033","Sturgeon River--Parkland","Sturgeon River--Parkland","Alberta","Alberta",48,120784,F,105733,F,14.2,46387,40589,T,14.3,43471,37820,F,14.9,3982.27,30.3,
"48034","Yellowhead","Yellowhead","Alberta","Alberta",48,101979,F,98855,F,3.2,46755,44032,T,6.2,39152,37836,F,3.5,77376.44,1.3,
"59001","Abbotsford","Abbotsford","British Columbia","Colombie-Britannique",59,101814,F,97076,T,4.9,39859,38733,T,2.9,37878,36062,T,5.0,175.34,580.7,
"59002","Burnaby North--Seymour","Burnaby-Nord--Seymour","British Columbia","Colombie-Britannique",59,102486,F,100632,F,1.8,42033,40256,F,4.4,39914,38423,F,3.9,114.61,894.2,
"59003","Burnaby South","Burnaby-Sud","British Columbia","Colombie-Britannique",59,111973,F,105037,F,6.6,49234,44512,F,10.6,45958,42386,F,8.4,46.08,2429.9,
"59004","Cariboo--Prince George","Cariboo--Prince George","British Columbia","Colombie-Britannique",59,108907,F,108252,F,0.6,48916,48529,F,0.8,44655,43764,F,2.0,83018.97,1.3,
"59005","Central Okanagan--Similkameen--Nicola","Central Okanagan--Similkameen--Nicola","British Columbia","Colombie-Britannique",59,110293,F,104398,F,5.6,54649,52712,F,3.7,48591,45785,F,6.1,15984.90,6.9,
"59006","Chilliwack--Hope","Chilliwack--Hope","British Columbia","Colombie-Britannique",59,100126,F,92734,F,8.0,42535,39688,F,7.2,39681,36731,F,8.0,3285.73,30.5,
"59007","Cloverdale--Langley City","Cloverdale--Langley City","British Columbia","Colombie-Britannique",59,117640,F,100318,F,17.3,45122,38979,T,15.8,43082,37036,F,16.3,59.47,1978.3,
"59008","Coquitlam--Port Coquitlam","Coquitlam--Port Coquitlam","British Columbia","Colombie-Britannique",59,123576,F,110241,T,12.1,47726,41628,T,14.6,45382,39613,T,14.6,598.30,206.5,
"59009","Courtenay--Alberni","Courtenay--Alberni","British Columbia","Colombie-Britannique",59,114647,F,110324,T,3.9,57577,55324,T,4.1,52346,49609,T,5.5,7912.75,14.5,
"59010","Cowichan--Malahat--Langford","Cowichan--Malahat--Langford","British Columbia","Colombie-Britannique",59,108052,F,99195,T,8.9,47717,43821,T,8.9,44616,40373,T,10.5,4556.78,23.7,
"59011","Delta","Delta","British Columbia","Colombie-Britannique",59,103064,F,100588,F,2.5,37962,36102,F,5.2,36085,35060,F,2.9,187.31,550.2,
"59012","Fleetwood--Port Kells","Fleetwood--Port Kells","British Columbia","Colombie-Britannique",59,116958,F,109742,F,6.6,37630,34634,T,8.7,35361,32793,F,7.8,69.60,1680.4,
"59013","Kamloops--Thompson--Cariboo","Kamloops--Thompson--Cariboo","British Columbia","Colombie-Britannique",59,124358,F,118616,T,4.8,60251,56786,T,6.1,52098,49479,T,5.3,37757.55,3.3,
"59014","Kelowna--Lake Country","Kelowna--Lake Country","British Columbia","Colombie-Britannique",59,119388,F,110051,F,8.5,52108,48856,F,6.7,48143,44051,F,9.3,1566.95,76.2,
"59015","Kootenay--Columbia","Kootenay--Columbia","British Columbia","Colombie-Britannique",59,112354,F,107589,F,4.4,61365,58884,F,4.2,49193,46404,F,6.0,63419.81,1.8,
"59016","Langley--Aldergrove","Langley--Aldergrove","British Columbia","Colombie-Britannique",59,117017,F,103084,F,13.5,43484,38780,F,12.1,41670,36740,F,13.4,374.03,312.9,
"59017","Mission--Matsqui--Fraser Canyon","Mission--Matsqui--Fraser Canyon","British Columbia","Colombie-Britannique",59,94825,F,90616,T,4.6,36103,35259,T,2.4,32544,31080,T,4.7,21350.11,4.4,
"59018","Nanaimo--Ladysmith","Nanaimo--Ladysmith","British Columbia","Colombie-Britannique",59,122710,F,114998,F,6.7,56149,53656,F,4.6,52963,49415,F,7.2,1728.28,71.0,
"59019","New Westminster--Burnaby","New Westminster--Burnaby","British Columbia","Colombie-Britannique",59,115340,F,108652,F,6.2,51057,48592,F,5.1,48649,45742,F,6.4,26.30,4386.0,
"59020","North Okanagan--Shuswap","North Okanagan--Shuswap","British Columbia","Colombie-Britannique",59,124605,F,121474,F,2.6,63972,61508,F,4.0,53626,51146,F,4.8,16173.61,7.7,
"59021","North Vancouver","North Vancouver","British Columbia","Colombie-Britannique",59,115344,F,109639,F,5.2,50141,47567,F,5.4,47266,45148,F,4.7,335.16,344.1,
"59022","Pitt Meadows--Maple Ridge","Pitt Meadows--Maple Ridge","British Columbia","Colombie-Britannique",59,101101,F,94111,F,7.4,38963,36362,F,7.2,37528,34861,F,7.7,2045.92,49.4,
"59023","Port Moody--Coquitlam","Port Moody--Coquitlam","British Columbia","Colombie-Britannique",59,110817,F,108362,T,2.3,43784,42157,T,3.9,41653,40151,T,3.7,95.23,1163.7,
"59024","Prince George--Peace River--Northern Rockies","Prince George--Peace River--Northern Rockies","British Columbia","Colombie-Britannique",59,110995,F,107382,F,3.4,50844,47718,F,6.6,44272,42649,F,3.8,249618.70,0.4,
"59025","Richmond Centre","Richmond-Centre","British Columbia","Colombie-Britannique",59,98396,F,93863,F,4.8,39532,35487,F,11.4,37103,33898,F,9.5,43.23,2276.0,
"59026","Esquimalt--Saanich--Sooke","Esquimalt--Saanich--Sooke","British Columbia","Colombie-Britannique",59,120834,T,112969,T,7.0,53281,51064,T,4.3,50830,47819,T,6.3,328.79,367.5,
"59027","Saanich--Gulf Islands","Saanich--Gulf Islands","British Columbia","Colombie-Britannique",59,107339,F,104285,F,2.9,50773,49769,F,2.0,44963,43875,F,2.5,499.47,214.9,
"59028","Skeena--Bulkley Valley","Skeena--Bulkley Valley","British Columbia","Colombie-Britannique",59,88920,F,90586,F,-1.8,41620,41660,F,-0.1,35699,35804,F,-0.3,326290.40,0.3,
"59029","South Okanagan--West Kootenay","Okanagan-Sud--Kootenay-Ouest","British Columbia","Colombie-Britannique",59,114695,F,112096,F,2.3,60250,58725,F,2.6,52127,49997,F,4.3,17699.23,6.5,
"59030","South Surrey--White Rock","Surrey-Sud--White Rock","British Columbia","Colombie-Britannique",59,104051,F,94678,F,9.9,44781,40690,F,10.1,41917,38436,F,9.1,144.47,720.2,
"59031","Steveston--Richmond East","Steveston--Richmond-Est","British Columbia","Colombie-Britannique",59,99913,F,96610,F,3.4,37946,35683,F,6.3,36354,34078,F,6.7,86.03,1161.3,
"59032","Surrey Centre","Surrey-Centre","British Columbia","Colombie-Britannique",59,120172,F,111486,F,7.8,44202,41982,F,5.3,41054,38030,F,8.0,40.34,2978.8,
"59033","Surrey--Newton","Surrey--Newton","British Columbia","Colombie-Britannique",59,114605,F,105183,F,9.0,35942,33140,F,8.5,33667,30746,F,9.5,30.04,3815.4,
"59034","Vancouver Centre","Vancouver-Centre","British Columbia","Colombie-Britannique",59,116443,F,102480,F,13.6,77272,69915,F,10.5,70079,61943,F,13.1,11.13,10466.5,
"59035","Vancouver East","Vancouver-Est","British Columbia","Colombie-Britannique",59,115724,F,110097,F,5.1,58338,54262,F,7.5,54243,50141,F,8.2,21.53,5374.7,
"59036","Vancouver Granville","Vancouver Granville","British Columbia","Colombie-Britannique",59,103456,F,99886,F,3.6,51261,48731,F,5.2,48329,46196,F,4.6,22.39,4620.3,
"59037","North Island--Powell River","North Island--Powell River","British Columbia","Colombie-Britannique",59,105466,F,103525,T,1.9,52792,51114,T,3.3,46592,44808,T,4.0,53659.67,2.0,
"59038","Vancouver Kingsway","Vancouver Kingsway","British Columbia","Colombie-Britannique",59,104870,F,102003,F,2.8,42051,38325,F,9.7,38118,35713,F,6.7,15.30,6854.6,
"59039","Vancouver Quadra","Vancouver Quadra","British Columbia","Colombie-Britannique",59,105608,F,102416,F,3.1,50443,47129,F,7.0,44741,43429,F,3.0,40.34,2617.6,
"59040","Vancouver South","Vancouver-Sud","British Columbia","Colombie-Britannique",59,102927,F,100966,F,1.9,38857,34672,F,12.1,34993,32634,F,7.2,20.70,4973.4,
"59041","Victoria","Victoria","British Columbia","Colombie-Britannique",59,117133,F,110942,F,5.6,63476,63352,F,0.2,59163,56292,F,5.1,40.28,2907.9,
"59042","West Vancouver--Sunshine Coast--Sea to Sky Country","West Vancouver--Sunshine Coast--Sea to Sky Country","British Columbia","Colombie-Britannique",59,119113,F,112875,F,5.5,61419,58622,F,4.8,48843,46297,F,5.5,13008.19,9.2,
"60001","Yukon","Yukon","Yukon","Yukon",60,35874,F,33897,F,5.8,17987,16259,F,10.6,15215,14117,F,7.8,474712.68,0.1,
"61001","Northwest Territories","Territoires du Nord-Ouest","Northwest Territories","Territoires du Nord-Ouest",61,41786,F,41462,F,0.8,17666,17175,F,2.9,14981,14700,F,1.9,1143793.86,0.0,
"62001","Nunavut","Nunavut","Nunavut","Nunavut",62,35944,F,31906,F,12.7,11433,10077,F,13.5,9819,8661,F,13.4,1877778.53,0.0,

Note:
"Incompletely enumerated Indian reserves and Indian settlements, 2016","T = excludes census data for one or more incompletely enumerated Indian reserves or Indian settlements."
"2011 adjusted population flag","T = adjusted figure due to boundary change."
"2011 adjusted total private dwellings flag","T = adjusted figure due to boundary change."
"2011 adjusted private dwellings occupied by usual residents flag","T = adjusted figure due to boundary change."
"For further information, refer to: http://www12.statcan.gc.ca/census-recensement/2016/dp-pd/hlt-fst/pd-pl/About.cfm."

"Source: Statistics Canada, 2016 Census of Population."
"How to cite: Statistics Canada. 2017. Population and Dwelling Count Highlight Tables. 2016 Census."
"Statistics Canada Catalogue no. 98-402-X2016001. Ottawa. Released February 8, 2017."
