Province,Electoral District Name/Nom de circonscription,Electoral District Number/Numéro de circonscription,Population,Electors/Électeurs,Polling Stations/Bureaux de scrutin,Valid Ballots/Bulletins valides,Percentage of Valid Ballots /Pourcentage des bulletins valides,Rejected Ballots/Bulletins rejetés,Percentage of Rejected Ballots /Pourcentage des bulletins rejetés,Total Ballots Cast/Total des bulletins déposés,Percentage of Voter Turnout/Pourcentage de la participation électorale,Elected Candidate/Candidat élu
"Newfoundland and Labrador/Terre-Neuve-et-Labrador","Avalon",10001,81540,68487,220,42086,99.6,162,.4,42248,61.7,"McDonald, Ken Liberal/Libéral"
"Newfoundland and Labrador/Terre-Neuve-et-Labrador","Bonavista--Burin--Trinity",10002,76704,62462,260,35092,99.5,173,.5,35265,56.5,"Foote, Judy M. Liberal/Libéral"
"Newfoundland and Labrador/Terre-Neuve-et-Labrador","Coast of Bays--Central--Notre Dame",10003,78092,64226,233,35448,99.6,145,.4,35593,55.4,"Simms, Scott Liberal/Libéral"
"Newfoundland and Labrador/Terre-Neuve-et-Labrador","Labrador",10004,26728,20045,84,12373,99.6,53,.4,12426,62,"Jones, Yvonne Liberal/Libéral"
"Newfoundland and Labrador/Terre-Neuve-et-Labrador","Long Range Mountains",10005,87592,71918,253,41824,99.7,108,.3,41932,58.3,"Hutchings, Gudie Liberal/Libéral"
"Newfoundland and Labrador/Terre-Neuve-et-Labrador","St. John's East/St. John's-Est",10006,81936,66304,186,44880,99.8,111,.2,44991,67.9,"Whalen, Nick Liberal/Libéral"
"Newfoundland and Labrador/Terre-Neuve-et-Labrador","St. John's South--Mount Pearl/St. John's-Sud--Mount Pearl",10007,81944,67596,185,44801,99.7,133,.3,44934,66.5,"O'Regan, Seamus Liberal/Libéral"
"Prince Edward Island/Île-du-Prince-Édouard","Cardigan",11001,36005,28889,90,22485,99.6,96,.4,22581,78.2,"MacAulay, Lawrence Liberal/Libéral"
"Prince Edward Island/Île-du-Prince-Édouard","Charlottetown",11002,34562,28129,82,21165,99.5,99,.5,21264,75.6,"Casey, Sean Liberal/Libéral"
"Prince Edward Island/Île-du-Prince-Édouard","Egmont",11003,34598,27858,86,21362,99.6,87,.4,21449,77,"Morrissey, Bobby Liberal/Libéral"
"Prince Edward Island/Île-du-Prince-Édouard","Malpeque",11004,35039,28629,81,22472,99.5,102,.5,22574,78.9,"Easter, Wayne Liberal/Libéral"
"Nova Scotia/Nouvelle-Écosse","Cape Breton--Canso",12001,75247,60785,218,43237,99.4,274,.6,43511,71.6,"Cuzner, Rodger Liberal/Libéral"
"Nova Scotia/Nouvelle-Écosse","Central Nova/Nova-Centre",12002,74597,60594,224,44263,99.5,233,.5,44496,73.4,"Fraser, Sean Liberal/Libéral"
"Nova Scotia/Nouvelle-Écosse","Cumberland--Colchester",12003,82321,65461,218,46332,99.6,178,.4,46510,71,"Casey, Bill Liberal/Libéral"
"Nova Scotia/Nouvelle-Écosse","Dartmouth--Cole Harbour",12004,91212,73710,200,52270,99.6,201,.4,52471,71.2,"Fisher, Darren Liberal/Libéral"
"Nova Scotia/Nouvelle-Écosse","Halifax",12005,92643,73379,208,53032,99.5,259,.5,53291,72.6,"Fillmore, Andy Liberal/Libéral"
"Nova Scotia/Nouvelle-Écosse","Halifax West/Halifax-Ouest",12006,87275,70515,238,50079,99.6,181,.4,50260,71.3,"Regan, Geoff Liberal/Libéral"
"Nova Scotia/Nouvelle-Écosse","Kings--Hants",12007,83306,67213,218,46686,99.6,202,.4,46888,69.8,"Brison, Scott Liberal/Libéral"
"Nova Scotia/Nouvelle-Écosse","Sackville--Preston--Chezzetcook",12008,85583,68040,196,48301,99.6,180,.4,48481,71.3,"Samson, Darrell Liberal/Libéral"
"Nova Scotia/Nouvelle-Écosse","South Shore--St. Margarets",12009,92561,76181,253,52775,99.6,226,.4,53001,69.6,"Jordan, Bernadette Liberal/Libéral"
"Nova Scotia/Nouvelle-Écosse","Sydney--Victoria",12010,73328,59994,202,40974,99.4,236,.6,41210,68.7,"Eyking, Mark Liberal/Libéral"
"Nova Scotia/Nouvelle-Écosse","West Nova/Nova-Ouest",12011,83654,67059,227,45679,99.4,271,.6,45950,68.5,"Fraser, Colin Liberal/Libéral"
"New Brunswick/Nouveau-Brunswick","Acadie--Bathurst",13001,79340,66799,237,50963,99.3,336,.7,51299,76.8,"Cormier, Serge Liberal/Libéral"
"New Brunswick/Nouveau-Brunswick","Beauséjour",13002,80416,66891,215,52936,99.4,320,.6,53256,79.6,"LeBlanc, Dominic Liberal/Libéral"
"New Brunswick/Nouveau-Brunswick","Fredericton",13003,81759,61947,168,46722,99.6,188,.4,46910,75.7,"DeCourcey, Matt Liberal/Libéral"
"New Brunswick/Nouveau-Brunswick","Fundy Royal",13004,79331,63089,193,46820,99.5,241,.5,47061,74.6,"Lockhart, Alaina Liberal/Libéral"
"New Brunswick/Nouveau-Brunswick","Madawaska--Restigouche",13005,62540,50907,171,37306,99.1,348,.9,37654,74,"Arseneault, René Liberal/Libéral"
"New Brunswick/Nouveau-Brunswick","Miramichi--Grand Lake",13006,59343,48331,160,36364,99.3,256,.7,36620,75.8,"Finnigan, Pat Liberal/Libéral"
"New Brunswick/Nouveau-Brunswick","Moncton--Riverview--Dieppe",13007,89484,71982,192,52041,99.4,311,.6,52352,72.7,"Petitpas Taylor, Ginette Liberal/Libéral"
"New Brunswick/Nouveau-Brunswick","New Brunswick Southwest/Nouveau-Brunswick-Sud-Ouest",13008,66197,51729,180,37926,99.4,220,.6,38146,73.7,"Ludwig, Karen Liberal/Libéral"
"New Brunswick/Nouveau-Brunswick","Saint John--Rothesay",13009,82129,61722,176,42281,99.5,205,.5,42486,68.8,"Long, Wayne Liberal/Libéral"
"New Brunswick/Nouveau-Brunswick","Tobique--Mactaquac",13010,70632,54145,184,38427,99.4,248,.6,38675,71.4,"Harvey, TJ Liberal/Libéral"
"Quebec/Québec","Abitibi--Baie-James--Nunavik--Eeyou",24001,85475,63632,191,34518,98.3,609,1.7,35127,55.2,"Saganash, Romeo NDP-New Democratic Party/NPD-Nouveau Parti démocratique"
"Quebec/Québec","Abitibi--Témiscamingue",24002,102794,82968,272,49729,98.5,741,1.5,50470,60.8,"Moore, Christine NDP-New Democratic Party/NPD-Nouveau Parti démocratique"
"Quebec/Québec","Ahuntsic-Cartierville",24003,110473,83208,223,55567,98.9,630,1.1,56197,67.5,"Joly, Mélanie Liberal/Libéral"
"Quebec/Québec","Alfred-Pellan",24004,98045,78524,207,55169,98.8,679,1.2,55848,71.1,"Iacono, Angelo Liberal/Libéral"
"Quebec/Québec","Argenteuil--La Petite-Nation",24005,94208,78836,245,51066,98.8,601,1.2,51667,65.5,"Lauzon, Stéphane Liberal/Libéral"
"Quebec/Québec","Avignon--La Mitis--Matane--Matapédia",24006,74547,60890,215,36356,98.9,416,1.1,36772,60.4,"Massé, Rémi Liberal/Libéral"
"Quebec/Québec","Beauce",24007,106337,85698,263,55882,98.7,712,1.3,56594,66,"Bernier, Maxime Conservative/Conservateur"
"Quebec/Québec","Beauport--Côte-de-Beaupré--Île d'Orléans--Charlevoix",24020,92496,76528,230,50456,98.4,846,1.6,51302,67,"Boucher, Sylvie Conservative/Conservateur"
"Quebec/Québec","Beauport--Limoilou",24008,92944,78799,220,50558,98.2,941,1.8,51499,65.4,"Clarke, Alupa Conservative/Conservateur"
"Quebec/Québec","Bécancour--Nicolet--Saurel",24009,93779,78734,231,52205,98.2,958,1.8,53163,67.5,"Plamondon, Louis Bloc Québécois/Bloc Québécois"
"Quebec/Québec","Bellechasse--Les Etchemins--Lévis",24010,112385,92719,277,62598,98.7,824,1.3,63422,68.4,"Blaney, Steven Conservative/Conservateur"
"Quebec/Québec","Beloeil--Chambly",24011,109955,91204,260,66438,98.6,950,1.4,67388,73.9,"Dubé, Matthew NDP-New Democratic Party/NPD-Nouveau Parti démocratique"
"Quebec/Québec","Berthier--Maskinongé",24012,98590,82996,267,54406,98.5,844,1.5,55250,66.6,"Brosseau, Ruth Ellen NDP-New Democratic Party/NPD-Nouveau Parti démocratique"
"Quebec/Québec","Bourassa",24015,100286,71070,184,41129,98,859,2,41988,59.1,"Dubourg, Emmanuel Liberal/Libéral"
"Quebec/Québec","Brome--Missisquoi",24016,98616,85118,255,58675,98.8,716,1.2,59391,69.8,"Paradis, Denis Liberal/Libéral"
"Quebec/Québec","Brossard--Saint-Lambert",24017,100828,83766,215,57260,99.1,549,.9,57809,69,"Mendès, Alexandra Liberal/Libéral"
"Quebec/Québec","Charlesbourg--Haute-Saint-Charles",24019,103331,84830,228,58256,98.5,866,1.5,59122,69.7,"Paul-Hus, Pierre Conservative/Conservateur"
"Quebec/Québec","Châteauguay--Lacolle",24021,92169,76129,213,51782,98.3,909,1.7,52691,69.2,"Shanahan, Brenda Liberal/Libéral"
"Quebec/Québec","Chicoutimi--Le Fjord",24022,81501,66821,186,43805,98.3,745,1.7,44550,66.7,"Lemieux, Denis Liberal/Libéral"
"Quebec/Québec","Compton--Stanstead",24023,101946,82237,244,55811,98.7,748,1.3,56559,68.8,"Bibeau, Marie-Claude Liberal/Libéral"
"Quebec/Québec","Dorval--Lachine--LaSalle",24024,106886,85769,225,54605,98.9,593,1.1,55198,64.4,"Dhillon, Anju Liberal/Libéral"
"Quebec/Québec","Drummond",24025,98681,81455,229,51979,97.9,1098,2.1,53077,65.2,"Choquette, François NDP-New Democratic Party/NPD-Nouveau Parti démocratique"
"Quebec/Québec","Gaspésie--Les Îles-de-la-Madeleine",24026,78833,65783,212,39617,99,395,1,40012,60.8,"Lebouthillier, Diane Liberal/Libéral"
"Quebec/Québec","Gatineau",24027,106424,84377,226,57800,99.1,522,.9,58322,69.1,"MacKinnon, Steven Liberal/Libéral"
"Quebec/Québec","Hochelaga",24028,103436,83088,232,51904,98.3,877,1.7,52781,63.5,"Boutin-Sweet, Marjolaine NDP-New Democratic Party/NPD-Nouveau Parti démocratique"
"Quebec/Québec","Honoré-Mercier",24029,102587,79033,211,51658,98.7,682,1.3,52340,66.2,"Rodriguez, Pablo Liberal/Libéral"
"Quebec/Québec","Hull--Aylmer",24030,103447,79329,218,55440,99.3,391,.7,55831,70.4,"Fergus, Greg Liberal/Libéral"
"Quebec/Québec","Joliette",24031,100683,86287,272,56689,98.1,1109,1.9,57798,67,"Ste-Marie, Gabriel Bloc Québécois/Bloc Québécois"
"Quebec/Québec","Jonquière",24032,87596,73099,219,48103,98.2,899,1.8,49002,67,"Trudel, Karine NDP-New Democratic Party/NPD-Nouveau Parti démocratique"
"Quebec/Québec","La Pointe-de-l'Île",24033,103512,84769,236,55226,98.4,912,1.6,56138,66.2,"Beaulieu, Mario Bloc Québécois/Bloc Québécois"
"Quebec/Québec","La Prairie",24034,99811,82472,212,57572,98.3,996,1.7,58568,71,"Poissant, Jean-Claude Liberal/Libéral"
"Quebec/Québec","Lac-Saint-Jean",24035,105783,85445,260,55279,98.4,925,1.6,56204,65.8,"Lebel, Denis Conservative/Conservateur"
"Quebec/Québec","Lac-Saint-Louis",24036,108795,85870,232,62312,99.5,321,.5,62633,72.9,"Scarpaleggia, Francis Liberal/Libéral"
"Quebec/Québec","LaSalle--Émard--Verdun",24037,105317,84192,225,53763,98.5,823,1.5,54586,64.8,"Lametti, David Liberal/Libéral"
"Quebec/Québec","Laurentides--Labelle",24038,111357,96848,302,63173,98.4,1030,1.6,64203,66.3,"Graham, David Liberal/Libéral"
"Quebec/Québec","Laurier--Sainte-Marie",24039,107034,85056,228,54681,98.9,594,1.1,55275,65,"Laverdière, Hélène NDP-New Democratic Party/NPD-Nouveau Parti démocratique"
"Quebec/Québec","Laval--Les Îles",24040,103053,82438,216,54205,98.8,683,1.2,54888,66.6,"El-Khoury, Fayçal Liberal/Libéral"
"Quebec/Québec","Lévis--Lotbinière",24042,107593,87339,251,62588,98.5,975,1.5,63563,72.8,"Gourde, Jacques Conservative/Conservateur"
"Quebec/Québec","Longueuil--Charles-LeMoyne",24041,104895,83844,222,51707,98.2,925,1.8,52632,62.8,"Romanado, Sherry Liberal/Libéral"
"Quebec/Québec","Longueuil--Saint-Hubert",24043,104366,85972,227,58199,98.4,939,1.6,59138,68.8,"Nantel, Pierre NDP-New Democratic Party/NPD-Nouveau Parti démocratique"
"Quebec/Québec","Louis-Hébert",24044,104038,81376,230,61744,99,627,1,62371,76.6,"Lightbound, Joël Liberal/Libéral"
"Quebec/Québec","Louis-Saint-Laurent",24045,106888,92372,249,64683,98.7,852,1.3,65535,70.9,"Deltell, Gérard Conservative/Conservateur"
"Quebec/Québec","Manicouagan",24046,94766,75229,239,42030,98.5,645,1.5,42675,56.7,"Gill, Marilène Bloc Québécois/Bloc Québécois"
"Quebec/Québec","Marc-Aurèle-Fortin",24065,96082,76396,199,54525,98.6,769,1.4,55294,72.4,"Robillard, Yves Liberal/Libéral"
"Quebec/Québec","Mégantic--L'Érable",24047,88745,71653,231,47287,98,941,2,48228,67.3,"Berthold, Luc Conservative/Conservateur"
"Quebec/Québec","Mirabel",24048,103536,87938,230,59418,98.1,1178,1.9,60596,68.9,"Marcil, Simon Bloc Québécois/Bloc Québécois"
"Quebec/Québec","Montarville",24049,95095,75693,200,57917,98.5,881,1.5,58798,77.7,"Picard, Michel Liberal/Libéral"
"Quebec/Québec","Montcalm",24050,99518,83808,230,53009,97.7,1226,2.3,54235,64.7,"Thériault, Luc Bloc Québécois/Bloc Québécois"
"Quebec/Québec","Montmagny--L'Islet--Kamouraska--Rivière-du-Loup",24051,97261,78672,266,49243,98.4,777,1.6,50020,63.6,"Généreux, Bernard Conservative/Conservateur"
"Quebec/Québec","Mount Royal/Mont-Royal",24052,101258,74416,205,48051,99.1,425,.9,48476,65.1,"Housefather, Anthony Liberal/Libéral"
"Quebec/Québec","Notre-Dame-de-Grâce--Westmount",24053,104410,79832,211,51593,99.4,311,.6,51904,65,"Garneau, Marc Liberal/Libéral"
"Quebec/Québec","Outremont",24054,100916,71136,192,43619,99,426,1,44045,61.9,"Mulcair, Tom NDP-New Democratic Party/NPD-Nouveau Parti démocratique"
"Quebec/Québec","Papineau",24055,108977,79136,213,50770,98.6,698,1.4,51468,65,"Trudeau, Justin Liberal/Libéral"
"Quebec/Québec","Pierre-Boucher--Les Patriotes--Verchères",24014,95326,78855,226,59390,98.7,800,1.3,60190,76.3,"Barsalou-Duval, Xavier Bloc Québécois/Bloc Québécois"
"Quebec/Québec","Pierrefonds--Dollard",24056,108740,85333,222,58505,99.4,368,.6,58873,69,"Baylis, Frank Liberal/Libéral"
"Quebec/Québec","Pontiac",24057,106499,87922,277,62625,99.3,467,.7,63092,71.8,"Amos, William Liberal/Libéral"
"Quebec/Québec","Portneuf--Jacques-Cartier",24058,104394,88337,258,62059,98.8,781,1.2,62840,71.1,"Godin, Joël Conservative/Conservateur"
"Quebec/Québec","Québec",24059,96525,79593,229,53867,98.5,820,1.5,54687,68.7,"Duclos, Jean-Yves Liberal/Libéral"
"Quebec/Québec","Repentigny",24060,111191,92117,252,65211,98.2,1179,1.8,66390,72.1,"Pauzé, Monique Bloc Québécois/Bloc Québécois"
"Quebec/Québec","Richmond--Arthabaska",24061,103897,85894,263,58617,98.5,912,1.5,59529,69.3,"Rayes, Alain Conservative/Conservateur"
"Quebec/Québec","Rimouski-Neigette--Témiscouata--Les Basques",24018,84809,70182,220,44946,98.9,493,1.1,45439,64.7,"Caron, Guy NDP-New Democratic Party/NPD-Nouveau Parti démocratique"
"Quebec/Québec","Rivière-des-Mille-Îles",24062,102816,81528,214,58046,98.4,927,1.6,58973,72.3,"Lapointe, Linda Liberal/Libéral"
"Quebec/Québec","Rivière-du-Nord",24063,102085,89667,242,56657,98.2,1044,1.8,57701,64.4,"Fortin, Rhéal Bloc Québécois/Bloc Québécois"
"Quebec/Québec","Rosemont--La Petite-Patrie",24064,106293,84884,239,58335,98.7,788,1.3,59123,69.7,"Boulerice, Alexandre NDP-New Democratic Party/NPD-Nouveau Parti démocratique"
"Quebec/Québec","Saint-Hyacinthe--Bagot",24066,99629,81016,243,54369,97.8,1214,2.2,55583,68.6,"Sansoucy, Brigitte NDP-New Democratic Party/NPD-Nouveau Parti démocratique"
"Quebec/Québec","Saint-Jean",24067,108244,88519,245,60386,98,1231,2,61617,69.6,"Rioux, Jean Liberal/Libéral"
"Quebec/Québec","Saint-Laurent",24068,93842,69138,179,40330,99,409,1,40739,58.9,"Dion, Stéphane Liberal/Libéral"
"Quebec/Québec","Saint-Léonard--Saint-Michel",24069,110649,76746,205,44531,98.5,689,1.5,45220,58.9,"Di Iorio, Nicola Liberal/Libéral"
"Quebec/Québec","Saint-Maurice--Champlain",24070,110273,92352,272,58947,98,1175,2,60122,65.1,"Champagne, François-Philippe Liberal/Libéral"
"Quebec/Québec","Salaberry--Suroît",24071,107036,92604,269,61535,98.4,998,1.6,62533,67.5,"Quach, Anne Minh-Thu NDP-New Democratic Party/NPD-Nouveau Parti démocratique"
"Quebec/Québec","Shefford",24072,107538,88533,267,58920,97.8,1299,2.2,60219,68,"Breton, Pierre Liberal/Libéral"
"Quebec/Québec","Sherbrooke",24073,107988,87658,248,57300,98.6,796,1.4,58096,66.3,"Dusseault, Pierre-Luc NDP-New Democratic Party/NPD-Nouveau Parti démocratique"
"Quebec/Québec","Terrebonne",24075,106322,84502,209,58284,97.9,1256,2.1,59540,70.5,"Boudrias, Michel Bloc Québécois/Bloc Québécois"
"Quebec/Québec","Thérèse-De Blainville",24013,98499,79440,216,56248,98.2,1007,1.8,57255,72.1,"Ayoub, Ramez Liberal/Libéral"
"Quebec/Québec","Trois-Rivières",24076,108774,91098,261,60289,98.5,940,1.5,61229,67.2,"Aubin, Robert NDP-New Democratic Party/NPD-Nouveau Parti démocratique"
"Quebec/Québec","Vaudreuil--Soulanges",24074,111905,90804,251,65528,98.9,714,1.1,66242,73,"Schiefke, Peter Liberal/Libéral"
"Quebec/Québec","Ville-Marie--Le Sud-Ouest--Île-des-Soeurs",24077,103070,85702,238,50164,99.1,435,.9,50599,59,"Miller, Marc Liberal/Libéral"
"Quebec/Québec","Vimy",24078,104373,86225,232,54343,98.3,941,1.7,55284,64.1,"Nassif, Eva Liberal/Libéral"
"Ontario","Ajax",35001,109600,85251,210,56307,99.6,206,.4,56513,66.3,"Holland, Mark Liberal/Libéral"
"Ontario","Algoma--Manitoulin--Kapuskasing",35002,79801,63253,211,41374,99.6,161,.4,41535,65.7,"Hughes, Carol NDP-New Democratic Party/NPD-Nouveau Parti démocratique"
"Ontario","Aurora--Oak Ridges--Richmond Hill",35003,106064,79127,204,50980,99.6,204,.4,51184,64.7,"Alleslev, Leona Liberal/Libéral"
"Ontario","Barrie--Innisfil",35004,101584,77320,201,49341,99.6,187,.4,49528,64.1,"Brassard, John Conservative/Conservateur"
"Ontario","Barrie--Springwater--Oro-Medonte",35005,97876,76084,217,50535,99.6,181,.4,50716,66.7,"Nuttall, Alex Conservative/Conservateur"
"Ontario","Bay of Quinte/Baie de Quinte",35006,109488,85021,239,57713,99.6,211,.4,57924,68.1,"Ellis, Neil Liberal/Libéral"
"Ontario","Beaches--East York",35007,107084,77440,194,55530,99.6,216,.4,55746,72,"Erskine-Smith, Nathaniel Liberal/Libéral"
"Ontario","Brampton Centre/Brampton-Centre",35008,103122,65460,181,39632,99.3,264,.7,39896,60.9,"Sangha, Ramesh Liberal/Libéral"
"Ontario","Brampton East/Brampton-Est",35009,99712,69251,179,45206,99.3,304,.7,45510,65.7,"Grewal, Raj Liberal/Libéral"
"Ontario","Brampton North/Brampton-Nord",35010,111951,74148,187,48166,99.3,318,.7,48484,65.4,"Sahota, Ruby Liberal/Libéral"
"Ontario","Brampton South/Brampton-Sud",35011,107364,73019,193,45464,99.4,270,.6,45734,62.6,"Sidhu, Sonia Liberal/Libéral"
"Ontario","Brampton West/Brampton-Ouest",35012,101762,71990,173,43398,99.4,245,.6,43643,60.6,"Khera, Kamal Liberal/Libéral"
"Ontario","Brantford--Brant",35013,132443,97409,259,63272,99.6,272,.4,63544,65.2,"McColeman, Phil Conservative/Conservateur"
"Ontario","Bruce--Grey--Owen Sound",35014,106475,82607,249,56333,99.6,212,.4,56545,68.5,"Miller, Larry Conservative/Conservateur"
"Ontario","Burlington",35015,120569,96126,269,70100,99.6,263,.4,70363,73.2,"Gould, Karina Liberal/Libéral"
"Ontario","Cambridge",35016,111693,83514,234,53339,99.6,227,.4,53566,64.1,"May, Bryan Liberal/Libéral"
"Ontario","Carleton",35088,89522,74185,193,59239,99.7,196,.3,59435,80.1,"Poilievre, Pierre Conservative/Conservateur"
"Ontario","Chatham-Kent--Leamington",35017,111866,79755,263,51971,99.5,263,.5,52234,65.5,"Van Kesteren, Dave Conservative/Conservateur"
"Ontario","Davenport",35018,102360,74413,190,49584,99.4,287,.6,49871,67,"Dzerowicz, Julie Liberal/Libéral"
"Ontario","Don Valley East/Don Valley-Est",35019,93007,63547,174,41588,99.4,257,.6,41845,65.8,"Ratansi, Yasmin Liberal/Libéral"
"Ontario","Don Valley North/Don Valley-Nord",35020,103073,72787,210,45687,99.4,259,.6,45946,63.1,"Tan, Geng Liberal/Libéral"
"Ontario","Don Valley West/Don Valley-Ouest",35021,99820,71037,184,51086,99.6,217,.4,51303,72.2,"Oliphant, Rob Liberal/Libéral"
"Ontario","Dufferin--Caledon",35022,116341,92598,266,60451,99.6,232,.4,60683,65.5,"Tilson, David Allan Conservative/Conservateur"
"Ontario","Durham",35023,115395,94069,280,64185,99.6,233,.4,64418,68.5,"O'Toole, Erin Conservative/Conservateur"
"Ontario","Eglinton--Lawrence",35024,113150,78535,205,55792,99.4,328,.6,56120,71.5,"Mendicino, Marco Liberal/Libéral"
"Ontario","Elgin--Middlesex--London",35025,110109,83446,217,56933,99.6,230,.4,57163,68.5,"Vecchio, Karen Louise Conservative/Conservateur"
"Ontario","Essex",35026,120477,92489,233,60531,99.6,241,.4,60772,65.7,"Ramsey, Tracey NDP-New Democratic Party/NPD-Nouveau Parti démocratique"
"Ontario","Etobicoke Centre/Etobicoke-Centre",35027,114910,88440,231,61802,99.5,303,.5,62105,70.2,"Wrzesnewskyj, Borys Liberal/Libéral"
"Ontario","Etobicoke North/Etobicoke-Nord",35029,117601,69942,176,42064,99.4,257,.6,42321,60.5,"Duncan, Kirsty Liberal/Libéral"
"Ontario","Etobicoke--Lakeshore",35028,115437,93880,237,64508,99.5,307,.5,64815,69,"Maloney, James Liberal/Libéral"
"Ontario","Flamborough--Glanbrook",35030,97081,79397,213,55510,99.6,220,.4,55730,70.2,"Sweet, David Conservative/Conservateur"
"Ontario","Glengarry--Prescott--Russell",35031,106240,86010,260,64173,99.4,399,.6,64572,75.1,"Drouin, Francis Liberal/Libéral"
"Ontario","Guelph",35032,121688,98453,243,69868,99.6,298,.4,70166,71.3,"Longfield, Lloyd Liberal/Libéral"
"Ontario","Haldimand--Norfolk",35033,108051,83220,227,55990,99.4,312,.6,56302,67.7,"Finley, Diane Conservative/Conservateur"
"Ontario","Haliburton--Kawartha Lakes--Brock",35034,110182,91802,260,61834,99.7,203,.3,62037,67.6,"Schmale, Jamie Conservative/Conservateur"
"Ontario","Hamilton Centre/Hamilton-Centre",35035,101932,69598,198,41083,99.3,269,.7,41352,59.4,"Christopherson, David NDP-New Democratic Party/NPD-Nouveau Parti démocratique"
"Ontario","Hamilton East--Stoney Creek/Hamilton-Est--Stoney Creek",35036,107786,80639,217,50332,99.4,293,.6,50625,62.8,"Bratina, Bob Liberal/Libéral"
"Ontario","Hamilton Mountain",35037,103615,77581,205,50554,99.4,307,.6,50861,65.6,"Duvall, Scott NDP-New Democratic Party/NPD-Nouveau Parti démocratique"
"Ontario","Hamilton West--Ancaster--Dundas/Hamilton-Ouest--Ancaster--Dundas",35038,109535,86222,228,62279,99.6,272,.4,62551,72.5,"Tassi, Filomena Liberal/Libéral"
"Ontario","Hastings--Lennox and Addington",35039,92528,72972,219,49797,99.6,199,.4,49996,68.5,"Bossio, Mike Liberal/Libéral"
"Ontario","Humber River--Black Creek",35121,108198,62928,184,35859,99.1,333,.9,36192,57.5,"Sgro, Judy Liberal/Libéral"
"Ontario","Huron--Bruce",35040,104842,80731,244,58245,99.6,232,.4,58477,72.4,"Lobb, Ben Conservative/Conservateur"
"Ontario","Kanata--Carleton",35041,100846,80433,210,63323,99.7,191,.3,63514,79,"McCrimmon, Karen Liberal/Libéral"
"Ontario","Kenora",35042,55977,44306,152,30752,99.5,144,.5,30896,69.7,"Nault, Bob Liberal/Libéral"
"Ontario","King--Vaughan",35043,109235,86158,231,54686,99.5,290,.5,54976,63.8,"Schulte, Deb Liberal/Libéral"
"Ontario","Kingston and the Islands/Kingston et les Îles",35044,116996,93872,255,65772,99.6,242,.4,66014,70.3,"Gerretsen, Mark Liberal/Libéral"
"Ontario","Kitchener Centre/Kitchener-Centre",35045,102433,77887,214,52280,99.4,292,.6,52572,67.5,"Saini, Raj Liberal/Libéral"
"Ontario","Kitchener South--Hespeler/Kitchener-Sud--Hespeler",35047,97673,72953,193,47829,99.5,259,.5,48088,65.9,"Tabbara, Marwan Liberal/Libéral"
"Ontario","Kitchener--Conestoga",35046,93827,69166,213,47699,99.5,227,.5,47926,69.3,"Albrecht, Harold Conservative/Conservateur"
"Ontario","Lambton--Kent--Middlesex",35048,105919,81135,256,56363,99.6,224,.4,56587,69.7,"Shipley, Bev Conservative/Conservateur"
"Ontario","Lanark--Frontenac--Kingston",35049,98409,79461,231,57240,99.6,222,.4,57462,72.3,"Reid, Scott Conservative/Conservateur"
"Ontario","Leeds--Grenville--Thousand Islands and Rideau Lakes/Leeds--Grenville--Thousand Islands et Rideau Lakes",35050,99306,79669,236,56436,99.7,189,.3,56625,71.1,"Brown, Gord Conservative/Conservateur"
"Ontario","London North Centre/London-Centre-Nord",35052,118079,92950,242,64271,99.6,267,.4,64538,69.4,"Fragiskatos, Peter Liberal/Libéral"
"Ontario","London West/London-Ouest",35053,119090,93138,248,68027,99.6,286,.4,68313,73.3,"Young, Kate Liberal/Libéral"
"Ontario","London--Fanshawe",35051,119334,87298,233,54745,99.5,283,.5,55028,63,"Mathyssen, Irene NDP-New Democratic Party/NPD-Nouveau Parti démocratique"
"Ontario","Markham--Stouffville",35054,109780,87952,229,59773,99.7,189,.3,59962,68.2,"Philpott, Jane Liberal/Libéral"
"Ontario","Markham--Thornhill",35055,102221,70864,190,42857,99.4,240,.6,43097,60.8,"McCallum, John Liberal/Libéral"
"Ontario","Markham--Unionville",35056,104693,82965,228,49839,99.5,246,.5,50085,60.4,"Saroya, Bob Conservative/Conservateur"
"Ontario","Milton",35057,88065,72329,187,49308,99.6,210,.4,49518,68.5,"Raitt, Lisa Conservative/Conservateur"
"Ontario","Mississauga Centre/Mississauga-Centre",35058,118756,83787,221,51852,99.3,342,.7,52194,62.3,"Alghabra, Omar Liberal/Libéral"
"Ontario","Mississauga East--Cooksville/Mississauga-Est--Cooksville",35059,121792,82765,217,51917,99.5,287,.5,52204,63.1,"Fonseca, Peter Liberal/Libéral"
"Ontario","Mississauga--Erin Mills",35060,117199,83062,209,55347,99.6,245,.4,55592,66.9,"Khalid, Iqra Liberal/Libéral"
"Ontario","Mississauga--Lakeshore",35061,118893,86675,250,59273,99.5,271,.5,59544,68.7,"Spengemann, Sven Liberal/Libéral"
"Ontario","Mississauga--Malton",35062,118046,75277,184,44256,99.5,237,.5,44493,59.1,"Bains, Navdeep Liberal/Libéral"
"Ontario","Mississauga--Streetsville",35063,118757,83361,209,55999,99.6,217,.4,56216,67.4,"Sikand, Gagan Liberal/Libéral"
"Ontario","Nepean",35064,104775,84049,214,64888,99.6,262,.4,65150,77.5,"Arya, Chandra Liberal/Libéral"
"Ontario","Newmarket--Aurora",35065,109457,83351,224,56464,99.5,257,.5,56721,68.1,"Peterson, Kyle Liberal/Libéral"
"Ontario","Niagara Centre/Niagara-Centre",35066,105860,83799,230,54682,99.4,323,.6,55005,65.6,"Badawey, Vance Liberal/Libéral"
"Ontario","Niagara Falls",35067,128357,103291,270,64711,99.5,353,.5,65064,63,"Nicholson, Rob Conservative/Conservateur"
"Ontario","Niagara West/Niagara-Ouest",35068,86533,69414,187,50657,99.5,242,.5,50899,73.3,"Allison, Dean Conservative/Conservateur"
"Ontario","Nickel Belt",35069,90962,73466,208,49113,99.6,192,.4,49305,67.1,"Serré, Marc G. Liberal/Libéral"
"Ontario","Nipissing--Timiskaming",35070,90996,71879,206,48875,99.5,224,.5,49099,68.3,"Rota, Anthony Liberal/Libéral"
"Ontario","Northumberland--Peterborough South/Northumberland--Peterborough-Sud",35071,107840,89605,277,63609,99.6,267,.4,63876,71.3,"Rudd, Kim Liberal/Libéral"
"Ontario","Oakville",35072,119649,88425,250,64703,99.6,245,.4,64948,73.4,"Oliver, John Liberal/Libéral"
"Ontario","Oakville North--Burlington/Oakville-Nord--Burlington",35073,114378,85747,233,60796,99.6,272,.4,61068,71.2,"Damoff, Pam Liberal/Libéral"
"Ontario","Orléans",35076,119247,97144,253,77988,99.7,272,.3,78260,80.6,"Leslie, Andrew Liberal/Libéral"
"Ontario","Oshawa",35074,125771,96372,264,60686,99.6,228,.4,60914,63.2,"Carrie, Colin Conservative/Conservateur"
"Ontario","Ottawa Centre/Ottawa-Centre",35075,113619,94858,261,75500,99.5,386,.5,75886,80,"McKenna, Catherine Mary Liberal/Libéral"
"Ontario","Ottawa South/Ottawa-Sud",35077,121894,88368,228,64649,99.5,351,.5,65000,73.6,"McGuinty, David Liberal/Libéral"
"Ontario","Ottawa West--Nepean/Ottawa-Ouest--Nepean",35079,111881,84557,227,62913,99.5,307,.5,63220,74.8,"Vandenbeld, Anita Liberal/Libéral"
"Ontario","Ottawa--Vanier",35078,110999,86591,251,63355,99.3,418,.7,63773,73.6,"Bélanger, Mauril Liberal/Libéral"
"Ontario","Oxford",35080,108656,84045,234,56850,99.6,241,.4,57091,67.9,"MacKenzie, Dave Conservative/Conservateur"
"Ontario","Parkdale--High Park",35081,105103,80262,215,58567,99.5,269,.5,58836,73.3,"Virani, Arif Liberal/Libéral"
"Ontario","Parry Sound--Muskoka",35082,91263,76070,220,51279,99.7,134,.3,51413,67.6,"Clement, Tony Conservative/Conservateur"
"Ontario","Perth--Wellington",35083,104912,76496,223,51851,99.6,186,.4,52037,68,"Nater, John Conservative/Conservateur"
"Ontario","Peterborough--Kawartha",35084,115269,93190,267,66542,99.7,190,.3,66732,71.6,"Monsef, Maryam Liberal/Libéral"
"Ontario","Pickering--Uxbridge",35085,109344,86036,238,59159,99.6,222,.4,59381,69,"O'Connell, Jennifer Liberal/Libéral"
"Ontario","Renfrew--Nipissing--Pembroke",35086,102537,78959,233,57159,99.5,264,.5,57423,72.7,"Gallant, Cheryl Conservative/Conservateur"
"Ontario","Richmond Hill",35087,108658,80834,233,49113,99.5,253,.5,49366,61.1,"Jowhari, Majid Liberal/Libéral"
"Ontario","St. Catharines",35089,110596,85377,225,57591,99.6,243,.4,57834,67.7,"Bittle, Chris Liberal/Libéral"
"Ontario","Sarnia--Lambton",35091,106293,81362,232,58125,99.5,267,.5,58392,71.8,"Gladu, Marilyn Conservative/Conservateur"
"Ontario","Sault Ste. Marie",35092,82052,64365,177,43757,99.5,200,.5,43957,68.3,"Sheehan, Terry Liberal/Libéral"
"Ontario","Scarborough Centre/Scarborough-Centre",35094,108826,71847,193,45029,99.1,407,.9,45436,63.2,"Zahid, Salma Liberal/Libéral"
"Ontario","Scarborough North/Scarborough-Nord",35096,101080,65651,169,39188,99.5,216,.5,39404,60,"Chen, Shaun Liberal/Libéral"
"Ontario","Scarborough Southwest/Scarborough-Sud-Ouest",35098,106733,73580,217,48766,99.4,277,.6,49043,66.7,"Blair, Bill Liberal/Libéral"
"Ontario","Scarborough--Agincourt",35093,104499,70355,195,41556,99.4,248,.6,41804,59.4,"Chan, Arnold Liberal/Libéral"
"Ontario","Scarborough--Guildwood",35095,101914,65217,179,41917,99.5,198,.5,42115,64.6,"McKay, John Liberal/Libéral"
"Ontario","Scarborough--Rouge Park",35097,102646,73347,201,49655,99.5,235,.5,49890,68,"Anandasangaree, Gary Liberal/Libéral"
"Ontario","Simcoe North/Simcoe-Nord",35100,108672,86859,255,57071,99.7,189,.3,57260,65.9,"Stanton, Bruce Conservative/Conservateur"
"Ontario","Simcoe--Grey",35099,116307,97975,271,65747,99.7,225,.3,65972,67.3,"Leitch, Kellie Conservative/Conservateur"
"Ontario","Spadina--Fort York",35101,82480,79917,228,55148,99.5,268,.5,55416,69.3,"Vaughan, Adam Liberal/Libéral"
"Ontario","Stormont--Dundas--South Glengarry",35102,100913,79274,240,53066,99.6,234,.4,53300,67.2,"Lauzon, Guy Conservative/Conservateur"
"Ontario","Sudbury",35103,92048,73050,213,49629,99.6,209,.4,49838,68.2,"Lefebvre, Paul Liberal/Libéral"
"Ontario","Thornhill",35104,110427,81672,222,54491,99.4,324,.6,54815,67.1,"Kent, Peter Conservative/Conservateur"
"Ontario","Thunder Bay--Rainy River",35105,82984,63708,193,42083,99.6,176,.4,42259,66.3,"Rusnak, Don Liberal/Libéral"
"Ontario","Thunder Bay--Superior North/Thunder Bay--Supérieur-Nord",35106,82827,65195,207,44608,99.6,178,.4,44786,68.7,"Hajdu, Patty Liberal/Libéral"
"Ontario","Timmins--James Bay/Timmins--Baie James",35107,83104,61411,183,37271,99.3,266,.7,37537,61.1,"Angus, Charlie NDP-New Democratic Party/NPD-Nouveau Parti démocratique"
"Ontario","Toronto Centre/Toronto-Centre",35108,93971,73351,231,50602,99.5,266,.5,50868,69.3,"Morneau, Bill Liberal/Libéral"
"Ontario","Toronto--Danforth",35109,104017,78540,202,55581,99.5,269,.5,55850,71.1,"Dabrusin, Julie Liberal/Libéral"
"Ontario","Toronto--St. Paul's",35090,103983,78885,205,56972,99.6,252,.4,57224,72.5,"Bennett, Carolyn Liberal/Libéral"
"Ontario","University--Rosedale",35110,98605,77205,220,55925,99.5,300,.5,56225,72.8,"Freeland, Chrystia Liberal/Libéral"
"Ontario","Vaughan--Woodbridge",35111,105450,74742,193,47298,99.1,438,.9,47736,63.9,"Sorbara, Francesco Liberal/Libéral"
"Ontario","Waterloo",35112,103192,81988,229,59849,99.7,198,.3,60047,73.2,"Chagger, Bardish Liberal/Libéral"
"Ontario","Wellington--Halton Hills",35113,115880,90117,251,63812,99.7,185,.3,63997,71,"Chong, Michael Conservative/Conservateur"
"Ontario","Whitby",35114,122022,92465,248,64516,99.6,235,.4,64751,70,"Caesar-Chavannes, Celina Liberal/Libéral"
"Ontario","Willowdale",35115,109680,76301,205,45953,99.5,251,.5,46204,60.6,"Ehsassi, Ali Liberal/Libéral"
"Ontario","Windsor West/Windsor-Ouest",35117,118973,86166,228,46905,99.4,284,.6,47189,54.8,"Masse, Brian NDP-New Democratic Party/NPD-Nouveau Parti démocratique"
"Ontario","Windsor--Tecumseh",35116,115528,87644,243,53344,99.6,209,.4,53553,61.1,"Hardcastle, Cheryl NDP-New Democratic Party/NPD-Nouveau Parti démocratique"
"Ontario","York Centre/York-Centre",35118,100277,65832,194,42944,99.3,319,.7,43263,65.7,"Levitt, Michael Liberal/Libéral"
"Ontario","York South--Weston/York-Sud--Weston",35120,116606,72097,189,43706,99.2,362,.8,44068,61.1,"Hussen, Ahmed Liberal/Libéral"
"Ontario","York--Simcoe",35119,94616,76055,205,47879,99.5,232,.5,48111,63.3,"Van Loan, Peter Conservative/Conservateur"
"Manitoba","Brandon--Souris",46001,83814,61327,192,41106,99.6,150,.4,41256,67.3,"Maguire, Larry Conservative/Conservateur"
"Manitoba","Charleswood--St. James--Assiniboia--Headingley",46002,81864,64081,177,47157,99.6,195,.4,47352,73.9,"Eyolfson, Doug Liberal/Libéral"
"Manitoba","Churchill--Keewatinook Aski",46003,85148,51994,147,29944,99.2,252,.8,30196,58.1,"Ashton, Niki NDP-New Democratic Party/NPD-Nouveau Parti démocratique"
"Manitoba","Dauphin--Swan River--Neepawa",46004,87374,63926,263,41598,99.6,160,.4,41758,65.3,"Sopuck, Robert Conservative/Conservateur"
"Manitoba","Elmwood--Transcona",46005,85906,65961,185,43086,99.6,182,.4,43268,65.6,"Blaikie, Daniel NDP-New Democratic Party/NPD-Nouveau Parti démocratique"
"Manitoba","Kildonan--St. Paul",46006,81794,62299,193,43875,99.6,161,.4,44036,70.7,"Mihychuk, MaryAnn Liberal/Libéral"
"Manitoba","Portage--Lisgar",46007,91019,63180,204,41187,99.6,159,.4,41346,65.4,"Bergen, Candice Conservative/Conservateur"
"Manitoba","Provencher",46008,88640,66108,177,44745,99.6,169,.4,44914,67.9,"Falk, Ted Conservative/Conservateur"
"Manitoba","Saint Boniface--Saint Vital/Saint-Boniface--Saint-Vital",46009,84353,66205,196,48823,99.7,152,.3,48975,74,"Vandal, Dan Liberal/Libéral"
"Manitoba","Selkirk--Interlake--Eastman",46010,91463,72259,271,49363,99.6,216,.4,49579,68.6,"Bezan, James Conservative/Conservateur"
"Manitoba","Winnipeg Centre/Winnipeg-Centre",46011,82026,56988,162,33885,99.2,281,.8,34166,60,"Ouellette, Robert-Falcon Liberal/Libéral"
"Manitoba","Winnipeg North/Winnipeg-Nord",46012,88616,58573,160,33964,99.2,269,.8,34233,58.4,"Lamoureux, Kevin Liberal/Libéral"
"Manitoba","Winnipeg South/Winnipeg-Sud",46013,85540,64595,179,48199,99.6,203,.4,48402,74.9,"Duguid, Terry Liberal/Libéral"
"Manitoba","Winnipeg South Centre/Winnipeg-Centre-Sud",46014,90711,70487,198,53571,99.7,188,.3,53759,76.3,"Carr, Jim Liberal/Libéral"
"Saskatchewan","Battlefords--Lloydminster",47001,70034,50917,137,33678,99.5,186,.5,33864,66.5,"Ritz, Gerry Conservative/Conservateur"
"Saskatchewan","Carlton Trail--Eagle Creek/Sentier Carlton--Eagle Creek",47004,72607,56074,182,40179,99.7,109,.3,40288,71.8,"Block, Kelly Conservative/Conservateur"
"Saskatchewan","Cypress Hills--Grasslands",47002,67834,50874,181,36207,99.7,99,.3,36306,71.4,"Anderson, David Conservative/Conservateur"
"Saskatchewan","Desnethé--Missinippi--Churchill River/Desnethé--Missinippi--Rivière Churchill",47003,69471,46824,179,30213,99.7,91,.3,30304,64.7,"Jolibois, Georgina NDP-New Democratic Party/NPD-Nouveau Parti démocratique"
"Saskatchewan","Moose Jaw--Lake Centre--Lanigan",47005,76106,58335,180,41965,99.7,142,.3,42107,72.2,"Lukiwski, Tom Conservative/Conservateur"
"Saskatchewan","Prince Albert",47006,79344,57794,177,39510,99.7,103,.3,39613,68.5,"Hoback, Randy Conservative/Conservateur"
"Saskatchewan","Regina--Lewvan",47007,79587,64325,172,47834,99.6,181,.4,48015,74.6,"Weir, Erin NDP-New Democratic Party/NPD-Nouveau Parti démocratique"
"Saskatchewan","Regina--Qu'Appelle",47008,72891,54240,172,36883,99.6,152,.4,37035,68.3,"Scheer, Andrew Conservative/Conservateur"
"Saskatchewan","Regina--Wascana",47009,77208,57504,171,42723,99.6,176,.4,42899,74.6,"Goodale, Ralph Liberal/Libéral"
"Saskatchewan","Saskatoon West/Saskatoon-Ouest",47012,76704,57021,149,37715,99.6,170,.4,37885,66.4,"Benson, Sheri NDP-New Democratic Party/NPD-Nouveau Parti démocratique"
"Saskatchewan","Saskatoon--Grasswood",47010,72010,59665,178,46086,99.7,137,.3,46223,77.5,"Waugh, Kevin Conservative/Conservateur"
"Saskatchewan","Saskatoon--University",47011,76257,58394,152,44773,99.7,130,.3,44903,76.9,"Trost, Brad Conservative/Conservateur"
"Saskatchewan","Souris--Moose Mountain",47013,72058,52963,187,37516,99.7,126,.3,37642,71.1,"Kitchen, Robert Gordon Conservative/Conservateur"
"Saskatchewan","Yorkton--Melville",47014,71270,54475,202,36613,99.7,95,.3,36708,67.4,"Wagantall, Cathay Conservative/Conservateur"
"Alberta","Banff--Airdrie",48001,105442,93079,235,66638,99.7,179,.3,66817,71.8,"Richards, Blake Conservative/Conservateur"
"Alberta","Battle River--Crowfoot",48002,107140,81746,249,58769,99.7,160,.3,58929,72.1,"Sorenson, Kevin Conservative/Conservateur"
"Alberta","Bow River",48003,103871,76093,208,49988,99.7,151,.3,50139,65.9,"Shields, Martin Conservative/Conservateur"
"Alberta","Calgary Centre/Calgary-Centre",48004,108931,87697,215,61249,99.6,227,.4,61476,70.1,"Hehr, Kent Liberal/Libéral"
"Alberta","Calgary Confederation",48005,111785,91061,231,66808,99.7,216,.3,67024,73.6,"Webber, Len Conservative/Conservateur"
"Alberta","Calgary Forest Lawn",48006,108251,75336,201,41047,99.2,345,.8,41392,54.9,"Obhrai, Deepak Conservative/Conservateur"
"Alberta","Calgary Heritage",48007,108320,80767,202,58430,99.6,228,.4,58658,72.6,"Harper, Stephen J. Conservative/Conservateur"
"Alberta","Calgary Midnapore",48008,111227,87848,224,63562,99.7,179,.3,63741,72.6,"Kenney, Jason Conservative/Conservateur"
"Alberta","Calgary Nose Hill",48009,109286,82243,206,54562,99.5,255,.5,54817,66.7,"Rempel, Michelle Conservative/Conservateur"
"Alberta","Calgary Rocky Ridge",48010,108901,88007,219,63292,99.7,167,.3,63459,72.1,"Kelly, Pat Conservative/Conservateur"
"Alberta","Calgary Shepard",48011,110296,98085,244,66351,99.7,208,.3,66559,67.9,"Kmiec, Tom Conservative/Conservateur"
"Alberta","Calgary Signal Hill",48012,109647,85530,223,62519,99.7,189,.3,62708,73.3,"Liepert, Ron Conservative/Conservateur"
"Alberta","Calgary Skyview",48013,110189,74604,181,44993,99.3,310,.7,45303,60.7,"Kang, Darshan Singh Liberal/Libéral"
"Alberta","Edmonton Centre/Edmonton-Centre",48014,106121,80173,202,53512,99.6,234,.4,53746,67,"Boissonnault, Randy Liberal/Libéral"
"Alberta","Edmonton Griesbach",48015,107809,81625,219,47942,99.4,289,.6,48231,59.1,"Diotte, Kerry Conservative/Conservateur"
"Alberta","Edmonton Manning",48016,106262,81361,185,49001,99.6,185,.4,49186,60.5,"Aboultaif, Ziad Conservative/Conservateur"
"Alberta","Edmonton Mill Woods",48017,106103,74651,191,49517,99.5,227,.5,49744,66.6,"Sohi, Amarjeet Liberal/Libéral"
"Alberta","Edmonton Riverbend",48018,106302,82290,203,57740,99.7,178,.3,57918,70.4,"Jeneroux, Matt Conservative/Conservateur"
"Alberta","Edmonton Strathcona",48019,103183,78635,205,55604,99.6,217,.4,55821,71,"Duncan, Linda NDP-New Democratic Party/NPD-Nouveau Parti démocratique"
"Alberta","Edmonton West/Edmonton-Ouest",48020,104422,81144,207,53457,99.6,233,.4,53690,66.2,"McCauley, Kelly Conservative/Conservateur"
"Alberta","Edmonton--Wetaskiwin",48021,110644,100871,262,68344,99.7,197,.3,68541,67.9,"Lake, Mike Conservative/Conservateur"
"Alberta","Foothills",48022,105515,83675,232,60986,99.8,141,.2,61127,73.1,"Barlow, John Conservative/Conservateur"
"Alberta","Fort McMurray--Cold Lake",48023,101538,77960,224,47266,99.7,158,.3,47424,60.8,"Yurdiga, David Conservative/Conservateur"
"Alberta","Grande Prairie--Mackenzie",48024,106738,82665,208,53343,99.7,158,.3,53501,64.7,"Warkentin, Chris Conservative/Conservateur"
"Alberta","Lakeland",48025,104616,79721,233,54779,99.7,155,.3,54934,68.9,"Stubbs, Shannon Conservative/Conservateur"
"Alberta","Lethbridge",48026,105999,84335,236,56943,99.7,158,.3,57101,67.7,"Harder, Rachael Conservative/Conservateur"
"Alberta","Medicine Hat--Cardston--Warner",48027,102847,77892,220,50650,99.8,118,.2,50768,65.2,"Hillyer, Jim Conservative/Conservateur"
"Alberta","Peace River--Westlock",48028,108095,77515,227,49519,99.7,170,.3,49689,64.1,"Viersen, Arnold Conservative/Conservateur"
"Alberta","Red Deer--Lacombe",48030,113693,89092,237,61662,99.7,176,.3,61838,69.4,"Calkins, Blaine Conservative/Conservateur"
"Alberta","Red Deer--Mountain View",48029,110793,88322,236,62212,99.8,135,.2,62347,70.6,"Dreeshen, Earl Conservative/Conservateur"
"Alberta","St. Albert--Edmonton",48031,105162,85187,221,59208,99.8,146,.2,59354,69.7,"Cooper, Michael Conservative/Conservateur"
"Alberta","Sherwood Park--Fort Saskatchewan",48032,111541,90289,266,66686,99.7,180,.3,66866,74.1,"Genuis, Garnett Conservative/Conservateur"
"Alberta","Sturgeon River--Parkland",48033,105733,86994,238,61537,99.7,157,.3,61694,70.9,"Ambrose, Rona Conservative/Conservateur"
"Alberta","Yellowhead",48034,98855,76011,245,52525,99.7,161,.3,52686,69.3,"Eglinski, Jim Conservative/Conservateur"
"British Columbia/Colombie-Britannique","Abbotsford",59001,96819,69299,181,48124,99.6,202,.4,48326,69.7,"Fast, Ed Conservative/Conservateur"
"British Columbia/Colombie-Britannique","Burnaby North--Seymour/Burnaby-Nord--Seymour",59002,100632,74982,191,52480,99.5,260,.5,52740,70.3,"Beech, Terry Liberal/Libéral"
"British Columbia/Colombie-Britannique","Burnaby South/Burnaby-Sud",59003,105037,75950,196,45887,99.4,275,.6,46162,60.8,"Stewart, Kennedy NDP-New Democratic Party/NPD-Nouveau Parti démocratique"
"British Columbia/Colombie-Britannique","Cariboo--Prince George",59004,108252,79517,225,53734,99.6,216,.4,53950,67.8,"Doherty, Todd Conservative/Conservateur"
"British Columbia/Colombie-Britannique","Central Okanagan--Similkameen--Nicola",59005,104398,87600,229,61973,99.7,191,.3,62164,71,"Albas, Dan Conservative/Conservateur"
"British Columbia/Colombie-Britannique","Chilliwack--Hope",59006,92734,72874,196,50661,99.7,154,.3,50815,69.7,"Strahl, Mark Conservative/Conservateur"
"British Columbia/Colombie-Britannique","Cloverdale--Langley City",59007,100318,78189,188,54075,99.7,186,.3,54261,69.4,"Aldag, John Liberal/Libéral"
"British Columbia/Colombie-Britannique","Coquitlam--Port Coquitlam",59008,110277,85122,208,56511,99.5,287,.5,56798,66.7,"McKinnon, Ron Liberal/Libéral"
"British Columbia/Colombie-Britannique","Courtenay--Alberni",59009,110391,92266,270,69849,99.7,185,.3,70034,75.9,"Johns, Gord NDP-New Democratic Party/NPD-Nouveau Parti démocratique"
"British Columbia/Colombie-Britannique","Cowichan--Malahat--Langford",59010,99160,81888,227,61778,99.6,230,.4,62008,75.7,"MacGregor, Alistair NDP-New Democratic Party/NPD-Nouveau Parti démocratique"
"British Columbia/Colombie-Britannique","Delta",59011,100588,75044,212,55689,99.6,200,.4,55889,74.5,"Qualtrough, Carla Liberal/Libéral"
"British Columbia/Colombie-Britannique","Esquimalt--Saanich--Sooke",59026,113004,91056,227,68081,99.7,199,.3,68280,75,"Garrison, Randall NDP-New Democratic Party/NPD-Nouveau Parti démocratique"
"British Columbia/Colombie-Britannique","Fleetwood--Port Kells",59012,109742,75150,205,48763,99.5,269,.5,49032,65.2,"Hardie, Ken Liberal/Libéral"
"British Columbia/Colombie-Britannique","Kamloops--Thompson--Cariboo",59013,118618,95347,273,69765,99.8,174,.2,69939,73.4,"McLeod, Cathy Conservative/Conservateur"
"British Columbia/Colombie-Britannique","Kelowna--Lake Country",59014,110051,91131,234,64155,99.6,230,.4,64385,70.7,"Fuhr, Stephen Liberal/Libéral"
"British Columbia/Colombie-Britannique","Kootenay--Columbia",59015,107589,86895,260,63206,99.7,197,.3,63403,73,"Stetski, Wayne NDP-New Democratic Party/NPD-Nouveau Parti démocratique"
"British Columbia/Colombie-Britannique","Langley--Aldergrove",59016,103084,83065,209,59896,99.7,204,.3,60100,72.4,"Warawa, Mark Conservative/Conservateur"
"British Columbia/Colombie-Britannique","Mission--Matsqui--Fraser Canyon",59017,90871,63744,187,44651,99.5,209,.5,44860,70.4,"Sidhu, Jati Liberal/Libéral"
"British Columbia/Colombie-Britannique","Nanaimo--Ladysmith",59018,114998,95200,252,71241,99.8,158,.2,71399,75,"Malcolmson, Sheila NDP-New Democratic Party/NPD-Nouveau Parti démocratique"
"British Columbia/Colombie-Britannique","New Westminster--Burnaby",59019,108652,80394,197,52642,99.3,363,.7,53005,65.9,"Julian, Peter NDP-New Democratic Party/NPD-Nouveau Parti démocratique"
"British Columbia/Colombie-Britannique","North Island--Powell River",59037,103458,81377,276,60536,99.7,177,.3,60713,74.6,"Blaney, Rachel NDP-New Democratic Party/NPD-Nouveau Parti démocratique"
"British Columbia/Colombie-Britannique","North Okanagan--Shuswap",59020,121474,97554,275,69954,99.8,152,.2,70106,71.9,"Arnold, Mel Conservative/Conservateur"
"British Columbia/Colombie-Britannique","North Vancouver",59021,109639,85219,207,64354,99.7,218,.3,64572,75.8,"Wilkinson, Jonathan Liberal/Libéral"
"British Columbia/Colombie-Britannique","Pitt Meadows--Maple Ridge",59022,94111,72635,185,52150,99.8,121,.2,52271,72,"Ruimy, Dan Liberal/Libéral"
"British Columbia/Colombie-Britannique","Port Moody--Coquitlam",59023,108326,79555,211,54667,99.7,174,.3,54841,68.9,"Donnelly, Fin NDP-New Democratic Party/NPD-Nouveau Parti démocratique"
"British Columbia/Colombie-Britannique","Prince George--Peace River--Northern Rockies",59024,107382,78250,230,51859,99.6,197,.4,52056,66.5,"Zimmer, Bob Conservative/Conservateur"
"British Columbia/Colombie-Britannique","Richmond Centre/Richmond-Centre",59025,93863,69678,175,39862,99.4,227,.6,40089,57.5,"Wong, Alice Conservative/Conservateur"
"British Columbia/Colombie-Britannique","Saanich--Gulf Islands",59027,104285,86863,238,68140,99.7,201,.3,68341,78.7,"May, Elizabeth Green Party/Parti Vert"
"British Columbia/Colombie-Britannique","Skeena--Bulkley Valley",59028,90586,64846,217,44109,99.6,157,.4,44266,68.3,"Cullen, Nathan NDP-New Democratic Party/NPD-Nouveau Parti démocratique"
"British Columbia/Colombie-Britannique","South Okanagan--West Kootenay/Okanagan-Sud--Kootenay-Ouest",59029,112096,91999,274,66594,99.7,216,.3,66810,72.6,"Cannings, Richard NDP-New Democratic Party/NPD-Nouveau Parti démocratique"
"British Columbia/Colombie-Britannique","South Surrey--White Rock/Surrey-Sud--White Rock",59030,94678,76833,207,56631,99.6,219,.4,56850,74,"Watts, Dianne Lynn Conservative/Conservateur"
"British Columbia/Colombie-Britannique","Steveston--Richmond East/Steveston--Richmond-Est",59031,96610,72225,186,43225,99.3,287,.7,43512,60.2,"Peschisolido, Joe Liberal/Libéral"
"British Columbia/Colombie-Britannique","Surrey Centre/Surrey-Centre",59032,111486,71966,176,43198,99.2,352,.8,43550,60.5,"Sarai, Randeep Liberal/Libéral"
"British Columbia/Colombie-Britannique","Surrey--Newton",59033,105183,65954,164,44424,99.3,328,.7,44752,67.9,"Dhaliwal, Sukh Liberal/Libéral"
"British Columbia/Colombie-Britannique","Vancouver Centre/Vancouver-Centre",59034,102480,88470,217,58048,99.6,247,.4,58295,65.9,"Fry, Hedy Liberal/Libéral"
"British Columbia/Colombie-Britannique","Vancouver East/Vancouver-Est",59035,110097,89324,226,58708,99.3,405,.7,59113,66.2,"Kwan, Jenny NDP-New Democratic Party/NPD-Nouveau Parti démocratique"
"British Columbia/Colombie-Britannique","Vancouver Granville",59036,99886,80488,204,53824,99.7,186,.3,54010,67.1,"Wilson-Raybould, Jody Liberal/Libéral"
"British Columbia/Colombie-Britannique","Vancouver Kingsway",59038,102003,72438,180,45396,99,471,1,45867,63.3,"Davies, Don NDP-New Democratic Party/NPD-Nouveau Parti démocratique"
"British Columbia/Colombie-Britannique","Vancouver Quadra",59039,102416,76038,198,52972,99.7,144,.3,53116,69.9,"Murray, Joyce Liberal/Libéral"
"British Columbia/Colombie-Britannique","Vancouver South/Vancouver-Sud",59040,100966,70992,184,44611,99.4,259,.6,44870,63.2,"Sajjan, Harjit S. Liberal/Libéral"
"British Columbia/Colombie-Britannique","Victoria",59041,110942,94627,251,71895,99.7,241,.3,72136,76.2,"Rankin, Murray NDP-New Democratic Party/NPD-Nouveau Parti démocratique"
"British Columbia/Colombie-Britannique","West Vancouver--Sunshine Coast--Sea to Sky Country",59042,112875,90554,244,66458,99.7,173,.3,66631,73.6,"Goldsmith-Jones, Pam Liberal/Libéral"
"Yukon","Yukon",60001,33897,26879,82,20291,99.5,94,.5,20385,75.8,"Bagnell, Larry Liberal/Libéral"
"Northwest Territories/Territoires du Nord-Ouest","Northwest Territories/Territoires du Nord-Ouest",61001,41462,30110,91,18973,99.5,104,.5,19077,63.4,"McLeod, Michael Liberal/Libéral"
"Nunavut","Nunavut",62001,31906,20252,59,11928,99.2,95,.8,12023,59.4,"Tootoo, Hunter Liberal/Libéral"
